SRR34280168	SAMN49688023	S_C132	/data/pam/team333/jg34/scratch/ITS_trichuris/00_raw/fastq/SRR34280168.fastq	Cote_dIvoire
SRR34280169	SAMN49688022	S_C130	/data/pam/team333/jg34/scratch/ITS_trichuris/00_raw/fastq/SRR34280169.fastq	Cote_dIvoire
SRR34280170	SAMN49688021	S_C128	/data/pam/team333/jg34/scratch/ITS_trichuris/00_raw/fastq/SRR34280170.fastq	Cote_dIvoire
SRR34280171	SAMN49688020	S_C127	/data/pam/team333/jg34/scratch/ITS_trichuris/00_raw/fastq/SRR34280171.fastq	Cote_dIvoire
SRR34280172	SAMN49688019	S_C124	/data/pam/team333/jg34/scratch/ITS_trichuris/00_raw/fastq/SRR34280172.fastq	Cote_dIvoire
SRR34280173	SAMN49688018	S_C123	/data/pam/team333/jg34/scratch/ITS_trichuris/00_raw/fastq/SRR34280173.fastq	Cote_dIvoire
SRR34280174	SAMN49688017	S_C122	/data/pam/team333/jg34/scratch/ITS_trichuris/00_raw/fastq/SRR34280174.fastq	Cote_dIvoire
SRR34280175	SAMN49688016	S_C121	/data/pam/team333/jg34/scratch/ITS_trichuris/00_raw/fastq/SRR34280175.fastq	Cote_dIvoire
SRR34280176	SAMN49688015	S_C120	/data/pam/team333/jg34/scratch/ITS_trichuris/00_raw/fastq/SRR34280176.fastq	Cote_dIvoire
SRR34280177	SAMN49688014	S_C119	/data/pam/team333/jg34/scratch/ITS_trichuris/00_raw/fastq/SRR34280177.fastq	Cote_dIvoire
SRR34280178	SAMN49687933	S_C016	/data/pam/team333/jg34/scratch/ITS_trichuris/00_raw/fastq/SRR34280178.fastq	Cote_dIvoire
SRR34280179	SAMN49688573	S_R075	/data/pam/team333/jg34/scratch/ITS_trichuris/00_raw/fastq/SRR34280179.fastq	Uganda
SRR34280180	SAMN49688572	S_R074	/data/pam/team333/jg34/scratch/ITS_trichuris/00_raw/fastq/SRR34280180.fastq	Uganda
SRR34280181	SAMN49688571	S_R073	/data/pam/team333/jg34/scratch/ITS_trichuris/00_raw/fastq/SRR34280181.fastq	Uganda
SRR34280182	SAMN49688570	S_R072	/data/pam/team333/jg34/scratch/ITS_trichuris/00_raw/fastq/SRR34280182.fastq	Uganda
SRR34280183	SAMN49687990	S_C082	/data/pam/team333/jg34/scratch/ITS_trichuris/00_raw/fastq/SRR34280183.fastq	Cote_dIvoire
SRR34280184	SAMN49688583	S_R085	/data/pam/team333/jg34/scratch/ITS_trichuris/00_raw/fastq/SRR34280184.fastq	Uganda
SRR34280185	SAMN49688582	S_R084	/data/pam/team333/jg34/scratch/ITS_trichuris/00_raw/fastq/SRR34280185.fastq	Uganda
SRR34280186	SAMN49688581	S_R083	/data/pam/team333/jg34/scratch/ITS_trichuris/00_raw/fastq/SRR34280186.fastq	Uganda
SRR34280187	SAMN49688580	S_R082	/data/pam/team333/jg34/scratch/ITS_trichuris/00_raw/fastq/SRR34280187.fastq	Uganda
SRR34280188	SAMN49688579	S_R081	/data/pam/team333/jg34/scratch/ITS_trichuris/00_raw/fastq/SRR34280188.fastq	Uganda
SRR34280189	SAMN49688578	S_R080	/data/pam/team333/jg34/scratch/ITS_trichuris/00_raw/fastq/SRR34280189.fastq	Uganda
SRR34280190	SAMN49688577	S_R079	/data/pam/team333/jg34/scratch/ITS_trichuris/00_raw/fastq/SRR34280190.fastq	Uganda
SRR34280191	SAMN49688576	S_R078	/data/pam/team333/jg34/scratch/ITS_trichuris/00_raw/fastq/SRR34280191.fastq	Uganda
SRR34280192	SAMN49688575	S_R077	/data/pam/team333/jg34/scratch/ITS_trichuris/00_raw/fastq/SRR34280192.fastq	Uganda
SRR34280193	SAMN49688574	S_R076	/data/pam/team333/jg34/scratch/ITS_trichuris/00_raw/fastq/SRR34280193.fastq	Uganda
SRR34280194	SAMN49687989	S_C081	/data/pam/team333/jg34/scratch/ITS_trichuris/00_raw/fastq/SRR34280194.fastq	Cote_dIvoire
SRR34280195	SAMN49688515	S_R016	/data/pam/team333/jg34/scratch/ITS_trichuris/00_raw/fastq/SRR34280195.fastq	Uganda
SRR34280196	SAMN49688514	S_R015	/data/pam/team333/jg34/scratch/ITS_trichuris/00_raw/fastq/SRR34280196.fastq	Uganda
SRR34280197	SAMN49687983	S_C075	/data/pam/team333/jg34/scratch/ITS_trichuris/00_raw/fastq/SRR34280197.fastq	Cote_dIvoire
SRR34280198	SAMN49688513	S_R014	/data/pam/team333/jg34/scratch/ITS_trichuris/00_raw/fastq/SRR34280198.fastq	Uganda
SRR34280199	SAMN49688512	S_R013	/data/pam/team333/jg34/scratch/ITS_trichuris/00_raw/fastq/SRR34280199.fastq	Uganda
SRR34280200	SAMN49688511	S_R012	/data/pam/team333/jg34/scratch/ITS_trichuris/00_raw/fastq/SRR34280200.fastq	Uganda
SRR34280201	SAMN49688510	S_R011	/data/pam/team333/jg34/scratch/ITS_trichuris/00_raw/fastq/SRR34280201.fastq	Uganda
SRR34280202	SAMN49688509	S_R010	/data/pam/team333/jg34/scratch/ITS_trichuris/00_raw/fastq/SRR34280202.fastq	Uganda
SRR34280203	SAMN49688508	S_R009	/data/pam/team333/jg34/scratch/ITS_trichuris/00_raw/fastq/SRR34280203.fastq	Uganda
SRR34280204	SAMN49688507	S_R008	/data/pam/team333/jg34/scratch/ITS_trichuris/00_raw/fastq/SRR34280204.fastq	Uganda
SRR34280205	SAMN49688506	S_R007	/data/pam/team333/jg34/scratch/ITS_trichuris/00_raw/fastq/SRR34280205.fastq	Uganda
SRR34280206	SAMN49688505	S_R006	/data/pam/team333/jg34/scratch/ITS_trichuris/00_raw/fastq/SRR34280206.fastq	Uganda
SRR34280207	SAMN49688504	S_R005	/data/pam/team333/jg34/scratch/ITS_trichuris/00_raw/fastq/SRR34280207.fastq	Uganda
SRR34280208	SAMN49687982	S_C074	/data/pam/team333/jg34/scratch/ITS_trichuris/00_raw/fastq/SRR34280208.fastq	Cote_dIvoire
SRR34280209	SAMN49688503	S_R004	/data/pam/team333/jg34/scratch/ITS_trichuris/00_raw/fastq/SRR34280209.fastq	Uganda
SRR34280210	SAMN49688502	S_R003	/data/pam/team333/jg34/scratch/ITS_trichuris/00_raw/fastq/SRR34280210.fastq	Uganda
SRR34280211	SAMN49688501	S_R002	/data/pam/team333/jg34/scratch/ITS_trichuris/00_raw/fastq/SRR34280211.fastq	Uganda
SRR34280212	SAMN49688500	S_R001	/data/pam/team333/jg34/scratch/ITS_trichuris/00_raw/fastq/SRR34280212.fastq	Uganda
SRR34280213	SAMN49688499	S_P329	/data/pam/team333/jg34/scratch/ITS_trichuris/00_raw/fastq/SRR34280213.fastq	Tanzania
SRR34280214	SAMN49688498	S_P327	/data/pam/team333/jg34/scratch/ITS_trichuris/00_raw/fastq/SRR34280214.fastq	Tanzania
SRR34280215	SAMN49688497	S_P326	/data/pam/team333/jg34/scratch/ITS_trichuris/00_raw/fastq/SRR34280215.fastq	Tanzania
SRR34280216	SAMN49688496	S_P323	/data/pam/team333/jg34/scratch/ITS_trichuris/00_raw/fastq/SRR34280216.fastq	Tanzania
SRR34280217	SAMN49688495	S_P322	/data/pam/team333/jg34/scratch/ITS_trichuris/00_raw/fastq/SRR34280217.fastq	Tanzania
SRR34280218	SAMN49688494	S_P321	/data/pam/team333/jg34/scratch/ITS_trichuris/00_raw/fastq/SRR34280218.fastq	Tanzania
SRR34280219	SAMN49687981	S_C073	/data/pam/team333/jg34/scratch/ITS_trichuris/00_raw/fastq/SRR34280219.fastq	Cote_dIvoire
SRR34280220	SAMN49688493	S_P319	/data/pam/team333/jg34/scratch/ITS_trichuris/00_raw/fastq/SRR34280220.fastq	Tanzania
SRR34280221	SAMN49688492	S_P317	/data/pam/team333/jg34/scratch/ITS_trichuris/00_raw/fastq/SRR34280221.fastq	Tanzania
SRR34280222	SAMN49688491	S_P309	/data/pam/team333/jg34/scratch/ITS_trichuris/00_raw/fastq/SRR34280222.fastq	Tanzania
SRR34280223	SAMN49688490	S_P306	/data/pam/team333/jg34/scratch/ITS_trichuris/00_raw/fastq/SRR34280223.fastq	Tanzania
SRR34280224	SAMN49688489	S_P304	/data/pam/team333/jg34/scratch/ITS_trichuris/00_raw/fastq/SRR34280224.fastq	Tanzania
SRR34280225	SAMN49688488	S_P300	/data/pam/team333/jg34/scratch/ITS_trichuris/00_raw/fastq/SRR34280225.fastq	Tanzania
SRR34280226	SAMN49688487	S_P299	/data/pam/team333/jg34/scratch/ITS_trichuris/00_raw/fastq/SRR34280226.fastq	Tanzania
SRR34280227	SAMN49688400	S_P112	/data/pam/team333/jg34/scratch/ITS_trichuris/00_raw/fastq/SRR34280227.fastq	Tanzania
SRR34280228	SAMN49688399	S_P111	/data/pam/team333/jg34/scratch/ITS_trichuris/00_raw/fastq/SRR34280228.fastq	Tanzania
SRR34280229	SAMN49688398	S_P110	/data/pam/team333/jg34/scratch/ITS_trichuris/00_raw/fastq/SRR34280229.fastq	Tanzania
SRR34280230	SAMN49688397	S_P109	/data/pam/team333/jg34/scratch/ITS_trichuris/00_raw/fastq/SRR34280230.fastq	Tanzania
SRR34280231	SAMN49688396	S_P108	/data/pam/team333/jg34/scratch/ITS_trichuris/00_raw/fastq/SRR34280231.fastq	Tanzania
SRR34280232	SAMN49688395	S_P107	/data/pam/team333/jg34/scratch/ITS_trichuris/00_raw/fastq/SRR34280232.fastq	Tanzania
SRR34280233	SAMN49688394	S_P106	/data/pam/team333/jg34/scratch/ITS_trichuris/00_raw/fastq/SRR34280233.fastq	Tanzania
SRR34280234	SAMN49687971	S_C062	/data/pam/team333/jg34/scratch/ITS_trichuris/00_raw/fastq/SRR34280234.fastq	Cote_dIvoire
SRR34280235	SAMN49688393	S_P104	/data/pam/team333/jg34/scratch/ITS_trichuris/00_raw/fastq/SRR34280235.fastq	Tanzania
SRR34280236	SAMN49688392	S_P103	/data/pam/team333/jg34/scratch/ITS_trichuris/00_raw/fastq/SRR34280236.fastq	Tanzania
SRR34280237	SAMN49688391	S_P102	/data/pam/team333/jg34/scratch/ITS_trichuris/00_raw/fastq/SRR34280237.fastq	Tanzania
SRR34280238	SAMN49688390	S_P101	/data/pam/team333/jg34/scratch/ITS_trichuris/00_raw/fastq/SRR34280238.fastq	Tanzania
SRR34280239	SAMN49688389	S_P100	/data/pam/team333/jg34/scratch/ITS_trichuris/00_raw/fastq/SRR34280239.fastq	Tanzania
SRR34280240	SAMN49688388	S_P099	/data/pam/team333/jg34/scratch/ITS_trichuris/00_raw/fastq/SRR34280240.fastq	Tanzania
SRR34280241	SAMN49688387	S_P098	/data/pam/team333/jg34/scratch/ITS_trichuris/00_raw/fastq/SRR34280241.fastq	Tanzania
SRR34280242	SAMN49688386	S_P097	/data/pam/team333/jg34/scratch/ITS_trichuris/00_raw/fastq/SRR34280242.fastq	Tanzania
SRR34280243	SAMN49688385	S_P096	/data/pam/team333/jg34/scratch/ITS_trichuris/00_raw/fastq/SRR34280243.fastq	Tanzania
SRR34280244	SAMN49688384	S_P095	/data/pam/team333/jg34/scratch/ITS_trichuris/00_raw/fastq/SRR34280244.fastq	Tanzania
SRR34280245	SAMN49687970	S_C061	/data/pam/team333/jg34/scratch/ITS_trichuris/00_raw/fastq/SRR34280245.fastq	Cote_dIvoire
SRR34280246	SAMN49688383	S_P093	/data/pam/team333/jg34/scratch/ITS_trichuris/00_raw/fastq/SRR34280246.fastq	Tanzania
SRR34280247	SAMN49688382	S_P092	/data/pam/team333/jg34/scratch/ITS_trichuris/00_raw/fastq/SRR34280247.fastq	Tanzania
SRR34280248	SAMN49688381	S_P091	/data/pam/team333/jg34/scratch/ITS_trichuris/00_raw/fastq/SRR34280248.fastq	Tanzania
SRR34280249	SAMN49688380	S_P088	/data/pam/team333/jg34/scratch/ITS_trichuris/00_raw/fastq/SRR34280249.fastq	Tanzania
SRR34280250	SAMN49688379	S_P087	/data/pam/team333/jg34/scratch/ITS_trichuris/00_raw/fastq/SRR34280250.fastq	Tanzania
SRR34280251	SAMN49688378	S_P086	/data/pam/team333/jg34/scratch/ITS_trichuris/00_raw/fastq/SRR34280251.fastq	Tanzania
SRR34280252	SAMN49688377	S_P085	/data/pam/team333/jg34/scratch/ITS_trichuris/00_raw/fastq/SRR34280252.fastq	Tanzania
SRR34280253	SAMN49688376	S_P084	/data/pam/team333/jg34/scratch/ITS_trichuris/00_raw/fastq/SRR34280253.fastq	Tanzania
SRR34280254	SAMN49688375	S_P082	/data/pam/team333/jg34/scratch/ITS_trichuris/00_raw/fastq/SRR34280254.fastq	Tanzania
SRR34280255	SAMN49688374	S_P080	/data/pam/team333/jg34/scratch/ITS_trichuris/00_raw/fastq/SRR34280255.fastq	Tanzania
SRR34280256	SAMN49687969	S_C060	/data/pam/team333/jg34/scratch/ITS_trichuris/00_raw/fastq/SRR34280256.fastq	Cote_dIvoire
SRR34280257	SAMN49688373	S_P079	/data/pam/team333/jg34/scratch/ITS_trichuris/00_raw/fastq/SRR34280257.fastq	Tanzania
SRR34280258	SAMN49688372	S_P077	/data/pam/team333/jg34/scratch/ITS_trichuris/00_raw/fastq/SRR34280258.fastq	Tanzania
SRR34280259	SAMN49688284	S_L525	/data/pam/team333/jg34/scratch/ITS_trichuris/00_raw/fastq/SRR34280259.fastq	Laos
SRR34280260	SAMN49687960	S_C048	/data/pam/team333/jg34/scratch/ITS_trichuris/00_raw/fastq/SRR34280260.fastq	Cote_dIvoire
SRR34280261	SAMN49688283	S_L520	/data/pam/team333/jg34/scratch/ITS_trichuris/00_raw/fastq/SRR34280261.fastq	Laos
SRR34280262	SAMN49688282	S_L519	/data/pam/team333/jg34/scratch/ITS_trichuris/00_raw/fastq/SRR34280262.fastq	Laos
SRR34280263	SAMN49688281	S_L513	/data/pam/team333/jg34/scratch/ITS_trichuris/00_raw/fastq/SRR34280263.fastq	Laos
SRR34280264	SAMN49688280	S_L502	/data/pam/team333/jg34/scratch/ITS_trichuris/00_raw/fastq/SRR34280264.fastq	Laos
SRR34280265	SAMN49688279	S_L501	/data/pam/team333/jg34/scratch/ITS_trichuris/00_raw/fastq/SRR34280265.fastq	Laos
SRR34280266	SAMN49688278	S_L496	/data/pam/team333/jg34/scratch/ITS_trichuris/00_raw/fastq/SRR34280266.fastq	Laos
SRR34280267	SAMN49688277	S_L494	/data/pam/team333/jg34/scratch/ITS_trichuris/00_raw/fastq/SRR34280267.fastq	Laos
SRR34280268	SAMN49688276	S_L492	/data/pam/team333/jg34/scratch/ITS_trichuris/00_raw/fastq/SRR34280268.fastq	Laos
SRR34280269	SAMN49688275	S_L486	/data/pam/team333/jg34/scratch/ITS_trichuris/00_raw/fastq/SRR34280269.fastq	Laos
SRR34280270	SAMN49688274	S_L477	/data/pam/team333/jg34/scratch/ITS_trichuris/00_raw/fastq/SRR34280270.fastq	Laos
SRR34280271	SAMN49687959	S_C047	/data/pam/team333/jg34/scratch/ITS_trichuris/00_raw/fastq/SRR34280271.fastq	Cote_dIvoire
SRR34280272	SAMN49688273	S_L476	/data/pam/team333/jg34/scratch/ITS_trichuris/00_raw/fastq/SRR34280272.fastq	Laos
SRR34280273	SAMN49688272	S_L464	/data/pam/team333/jg34/scratch/ITS_trichuris/00_raw/fastq/SRR34280273.fastq	Laos
SRR34280274	SAMN49688271	S_L463	/data/pam/team333/jg34/scratch/ITS_trichuris/00_raw/fastq/SRR34280274.fastq	Laos
SRR34280275	SAMN49688270	S_L457	/data/pam/team333/jg34/scratch/ITS_trichuris/00_raw/fastq/SRR34280275.fastq	Laos
SRR34280276	SAMN49688269	S_L455	/data/pam/team333/jg34/scratch/ITS_trichuris/00_raw/fastq/SRR34280276.fastq	Laos
SRR34280277	SAMN49688268	S_L452	/data/pam/team333/jg34/scratch/ITS_trichuris/00_raw/fastq/SRR34280277.fastq	Laos
SRR34280278	SAMN49688267	S_L447	/data/pam/team333/jg34/scratch/ITS_trichuris/00_raw/fastq/SRR34280278.fastq	Laos
SRR34280279	SAMN49688266	S_L445	/data/pam/team333/jg34/scratch/ITS_trichuris/00_raw/fastq/SRR34280279.fastq	Laos
SRR34280280	SAMN49688265	S_L442	/data/pam/team333/jg34/scratch/ITS_trichuris/00_raw/fastq/SRR34280280.fastq	Laos
SRR34280281	SAMN49688264	S_L438	/data/pam/team333/jg34/scratch/ITS_trichuris/00_raw/fastq/SRR34280281.fastq	Laos
SRR34280282	SAMN49687958	S_C046	/data/pam/team333/jg34/scratch/ITS_trichuris/00_raw/fastq/SRR34280282.fastq	Cote_dIvoire
SRR34280283	SAMN49688263	S_L437	/data/pam/team333/jg34/scratch/ITS_trichuris/00_raw/fastq/SRR34280283.fastq	Laos
SRR34280284	SAMN49688262	S_L415	/data/pam/team333/jg34/scratch/ITS_trichuris/00_raw/fastq/SRR34280284.fastq	Laos
SRR34280285	SAMN49688261	S_L413	/data/pam/team333/jg34/scratch/ITS_trichuris/00_raw/fastq/SRR34280285.fastq	Laos
SRR34280286	SAMN49688260	S_L412	/data/pam/team333/jg34/scratch/ITS_trichuris/00_raw/fastq/SRR34280286.fastq	Laos
SRR34280287	SAMN49688259	S_L375	/data/pam/team333/jg34/scratch/ITS_trichuris/00_raw/fastq/SRR34280287.fastq	Laos
SRR34280288	SAMN49688258	S_L368	/data/pam/team333/jg34/scratch/ITS_trichuris/00_raw/fastq/SRR34280288.fastq	Laos
SRR34280289	SAMN49688257	S_L366	/data/pam/team333/jg34/scratch/ITS_trichuris/00_raw/fastq/SRR34280289.fastq	Laos
SRR34280290	SAMN49688256	S_L365	/data/pam/team333/jg34/scratch/ITS_trichuris/00_raw/fastq/SRR34280290.fastq	Laos
SRR34280291	SAMN49688169	S_L119	/data/pam/team333/jg34/scratch/ITS_trichuris/00_raw/fastq/SRR34280291.fastq	Laos
SRR34280292	SAMN49688168	S_L114	/data/pam/team333/jg34/scratch/ITS_trichuris/00_raw/fastq/SRR34280292.fastq	Laos
SRR34280293	SAMN49688167	S_L112	/data/pam/team333/jg34/scratch/ITS_trichuris/00_raw/fastq/SRR34280293.fastq	Laos
SRR34280294	SAMN49688166	S_L110	/data/pam/team333/jg34/scratch/ITS_trichuris/00_raw/fastq/SRR34280294.fastq	Laos
SRR34280295	SAMN49688165	S_L106	/data/pam/team333/jg34/scratch/ITS_trichuris/00_raw/fastq/SRR34280295.fastq	Laos
SRR34280296	SAMN49688164	S_L105	/data/pam/team333/jg34/scratch/ITS_trichuris/00_raw/fastq/SRR34280296.fastq	Laos
SRR34280297	SAMN49687948	S_C033	/data/pam/team333/jg34/scratch/ITS_trichuris/00_raw/fastq/SRR34280297.fastq	Cote_dIvoire
SRR34280298	SAMN49688163	S_L103	/data/pam/team333/jg34/scratch/ITS_trichuris/00_raw/fastq/SRR34280298.fastq	Laos
SRR34280299	SAMN49688162	S_L100	/data/pam/team333/jg34/scratch/ITS_trichuris/00_raw/fastq/SRR34280299.fastq	Laos
SRR34280300	SAMN49688161	S_L088	/data/pam/team333/jg34/scratch/ITS_trichuris/00_raw/fastq/SRR34280300.fastq	Laos
SRR34280301	SAMN49688160	S_L085	/data/pam/team333/jg34/scratch/ITS_trichuris/00_raw/fastq/SRR34280301.fastq	Laos
SRR34280302	SAMN49688159	S_L079	/data/pam/team333/jg34/scratch/ITS_trichuris/00_raw/fastq/SRR34280302.fastq	Laos
SRR34280303	SAMN49688158	S_L073	/data/pam/team333/jg34/scratch/ITS_trichuris/00_raw/fastq/SRR34280303.fastq	Laos
SRR34280304	SAMN49688157	S_L072	/data/pam/team333/jg34/scratch/ITS_trichuris/00_raw/fastq/SRR34280304.fastq	Laos
SRR34280305	SAMN49688156	S_L064	/data/pam/team333/jg34/scratch/ITS_trichuris/00_raw/fastq/SRR34280305.fastq	Laos
SRR34280306	SAMN49688155	S_L053	/data/pam/team333/jg34/scratch/ITS_trichuris/00_raw/fastq/SRR34280306.fastq	Laos
SRR34280307	SAMN49688154	S_L052	/data/pam/team333/jg34/scratch/ITS_trichuris/00_raw/fastq/SRR34280307.fastq	Laos
SRR34280308	SAMN49687947	S_C032	/data/pam/team333/jg34/scratch/ITS_trichuris/00_raw/fastq/SRR34280308.fastq	Cote_dIvoire
SRR34280309	SAMN49688153	S_L051	/data/pam/team333/jg34/scratch/ITS_trichuris/00_raw/fastq/SRR34280309.fastq	Laos
SRR34280310	SAMN49688152	S_L045	/data/pam/team333/jg34/scratch/ITS_trichuris/00_raw/fastq/SRR34280310.fastq	Laos
SRR34280311	SAMN49688151	S_L044	/data/pam/team333/jg34/scratch/ITS_trichuris/00_raw/fastq/SRR34280311.fastq	Laos
SRR34280312	SAMN49688150	S_L043	/data/pam/team333/jg34/scratch/ITS_trichuris/00_raw/fastq/SRR34280312.fastq	Laos
SRR34280313	SAMN49688149	S_L042	/data/pam/team333/jg34/scratch/ITS_trichuris/00_raw/fastq/SRR34280313.fastq	Laos
SRR34280314	SAMN49688148	S_L041	/data/pam/team333/jg34/scratch/ITS_trichuris/00_raw/fastq/SRR34280314.fastq	Laos
SRR34280315	SAMN49688147	S_L038	/data/pam/team333/jg34/scratch/ITS_trichuris/00_raw/fastq/SRR34280315.fastq	Laos
SRR34280316	SAMN49688146	S_L035	/data/pam/team333/jg34/scratch/ITS_trichuris/00_raw/fastq/SRR34280316.fastq	Laos
SRR34280317	SAMN49688145	S_L034	/data/pam/team333/jg34/scratch/ITS_trichuris/00_raw/fastq/SRR34280317.fastq	Laos
SRR34280318	SAMN49688144	S_L033	/data/pam/team333/jg34/scratch/ITS_trichuris/00_raw/fastq/SRR34280318.fastq	Laos
SRR34280319	SAMN49687946	S_C031	/data/pam/team333/jg34/scratch/ITS_trichuris/00_raw/fastq/SRR34280319.fastq	Cote_dIvoire
SRR34280320	SAMN49688143	S_L029	/data/pam/team333/jg34/scratch/ITS_trichuris/00_raw/fastq/SRR34280320.fastq	Laos
SRR34280321	SAMN49688142	S_L027	/data/pam/team333/jg34/scratch/ITS_trichuris/00_raw/fastq/SRR34280321.fastq	Laos
SRR34280322	SAMN49688141	S_L019	/data/pam/team333/jg34/scratch/ITS_trichuris/00_raw/fastq/SRR34280322.fastq	Laos
SRR34280323	SAMN49687937	S_C021	/data/pam/team333/jg34/scratch/ITS_trichuris/00_raw/fastq/SRR34280323.fastq	Cote_dIvoire
SRR34280324	SAMN49688053	S_C218	/data/pam/team333/jg34/scratch/ITS_trichuris/00_raw/fastq/SRR34280324.fastq	Cote_dIvoire
SRR34280325	SAMN49688052	S_C216	/data/pam/team333/jg34/scratch/ITS_trichuris/00_raw/fastq/SRR34280325.fastq	Cote_dIvoire
SRR34280326	SAMN49688051	S_C209	/data/pam/team333/jg34/scratch/ITS_trichuris/00_raw/fastq/SRR34280326.fastq	Cote_dIvoire
SRR34280327	SAMN49688050	S_C208	/data/pam/team333/jg34/scratch/ITS_trichuris/00_raw/fastq/SRR34280327.fastq	Cote_dIvoire
SRR34280328	SAMN49688049	S_C207	/data/pam/team333/jg34/scratch/ITS_trichuris/00_raw/fastq/SRR34280328.fastq	Cote_dIvoire
SRR34280329	SAMN49688048	S_C204	/data/pam/team333/jg34/scratch/ITS_trichuris/00_raw/fastq/SRR34280329.fastq	Cote_dIvoire
SRR34280330	SAMN49688047	S_C199	/data/pam/team333/jg34/scratch/ITS_trichuris/00_raw/fastq/SRR34280330.fastq	Cote_dIvoire
SRR34280331	SAMN49688046	S_C197	/data/pam/team333/jg34/scratch/ITS_trichuris/00_raw/fastq/SRR34280331.fastq	Cote_dIvoire
SRR34280332	SAMN49688045	S_C196	/data/pam/team333/jg34/scratch/ITS_trichuris/00_raw/fastq/SRR34280332.fastq	Cote_dIvoire
SRR34280333	SAMN49688044	S_C192	/data/pam/team333/jg34/scratch/ITS_trichuris/00_raw/fastq/SRR34280333.fastq	Cote_dIvoire
SRR34280334	SAMN49687936	S_C020	/data/pam/team333/jg34/scratch/ITS_trichuris/00_raw/fastq/SRR34280334.fastq	Cote_dIvoire
SRR34280335	SAMN49688043	S_C190	/data/pam/team333/jg34/scratch/ITS_trichuris/00_raw/fastq/SRR34280335.fastq	Cote_dIvoire
SRR34280336	SAMN49688042	S_C188	/data/pam/team333/jg34/scratch/ITS_trichuris/00_raw/fastq/SRR34280336.fastq	Cote_dIvoire
SRR34280337	SAMN49688041	S_C183	/data/pam/team333/jg34/scratch/ITS_trichuris/00_raw/fastq/SRR34280337.fastq	Cote_dIvoire
SRR34280338	SAMN49688040	S_C180	/data/pam/team333/jg34/scratch/ITS_trichuris/00_raw/fastq/SRR34280338.fastq	Cote_dIvoire
SRR34280339	SAMN49688039	S_C179	/data/pam/team333/jg34/scratch/ITS_trichuris/00_raw/fastq/SRR34280339.fastq	Cote_dIvoire
SRR34280340	SAMN49688038	S_C176	/data/pam/team333/jg34/scratch/ITS_trichuris/00_raw/fastq/SRR34280340.fastq	Cote_dIvoire
SRR34280341	SAMN49688037	S_C169	/data/pam/team333/jg34/scratch/ITS_trichuris/00_raw/fastq/SRR34280341.fastq	Cote_dIvoire
SRR34280342	SAMN49688036	S_C168	/data/pam/team333/jg34/scratch/ITS_trichuris/00_raw/fastq/SRR34280342.fastq	Cote_dIvoire
SRR34280343	SAMN49688035	S_C166	/data/pam/team333/jg34/scratch/ITS_trichuris/00_raw/fastq/SRR34280343.fastq	Cote_dIvoire
SRR34280344	SAMN49688034	S_C165	/data/pam/team333/jg34/scratch/ITS_trichuris/00_raw/fastq/SRR34280344.fastq	Cote_dIvoire
SRR34280345	SAMN49687935	S_C019	/data/pam/team333/jg34/scratch/ITS_trichuris/00_raw/fastq/SRR34280345.fastq	Cote_dIvoire
SRR34280346	SAMN49688033	S_C163	/data/pam/team333/jg34/scratch/ITS_trichuris/00_raw/fastq/SRR34280346.fastq	Cote_dIvoire
SRR34280347	SAMN49688032	S_C162	/data/pam/team333/jg34/scratch/ITS_trichuris/00_raw/fastq/SRR34280347.fastq	Cote_dIvoire
SRR34280348	SAMN49688031	S_C156	/data/pam/team333/jg34/scratch/ITS_trichuris/00_raw/fastq/SRR34280348.fastq	Cote_dIvoire
SRR34280349	SAMN49688030	S_C149	/data/pam/team333/jg34/scratch/ITS_trichuris/00_raw/fastq/SRR34280349.fastq	Cote_dIvoire
SRR34280350	SAMN49688029	S_C142	/data/pam/team333/jg34/scratch/ITS_trichuris/00_raw/fastq/SRR34280350.fastq	Cote_dIvoire
SRR34280351	SAMN49688028	S_C141	/data/pam/team333/jg34/scratch/ITS_trichuris/00_raw/fastq/SRR34280351.fastq	Cote_dIvoire
SRR34280352	SAMN49688027	S_C140	/data/pam/team333/jg34/scratch/ITS_trichuris/00_raw/fastq/SRR34280352.fastq	Cote_dIvoire
SRR34280353	SAMN49688026	S_C136	/data/pam/team333/jg34/scratch/ITS_trichuris/00_raw/fastq/SRR34280353.fastq	Cote_dIvoire
SRR34280354	SAMN49688025	S_C135	/data/pam/team333/jg34/scratch/ITS_trichuris/00_raw/fastq/SRR34280354.fastq	Cote_dIvoire
SRR34280355	SAMN49688486	S_P298	/data/pam/team333/jg34/scratch/ITS_trichuris/00_raw/fastq/SRR34280355.fastq	Tanzania
SRR34280356	SAMN49688485	S_P295	/data/pam/team333/jg34/scratch/ITS_trichuris/00_raw/fastq/SRR34280356.fastq	Tanzania
SRR34280357	SAMN49688484	S_P294	/data/pam/team333/jg34/scratch/ITS_trichuris/00_raw/fastq/SRR34280357.fastq	Tanzania
SRR34280358	SAMN49687980	S_C072	/data/pam/team333/jg34/scratch/ITS_trichuris/00_raw/fastq/SRR34280358.fastq	Cote_dIvoire
SRR34280359	SAMN49688483	S_P292	/data/pam/team333/jg34/scratch/ITS_trichuris/00_raw/fastq/SRR34280359.fastq	Tanzania
SRR34280360	SAMN49688482	S_P290	/data/pam/team333/jg34/scratch/ITS_trichuris/00_raw/fastq/SRR34280360.fastq	Tanzania
SRR34280361	SAMN49688481	S_P288	/data/pam/team333/jg34/scratch/ITS_trichuris/00_raw/fastq/SRR34280361.fastq	Tanzania
SRR34280362	SAMN49688480	S_P287	/data/pam/team333/jg34/scratch/ITS_trichuris/00_raw/fastq/SRR34280362.fastq	Tanzania
SRR34280363	SAMN49688479	S_P286	/data/pam/team333/jg34/scratch/ITS_trichuris/00_raw/fastq/SRR34280363.fastq	Tanzania
SRR34280364	SAMN49688478	S_P284	/data/pam/team333/jg34/scratch/ITS_trichuris/00_raw/fastq/SRR34280364.fastq	Tanzania
SRR34280365	SAMN49688477	S_P283	/data/pam/team333/jg34/scratch/ITS_trichuris/00_raw/fastq/SRR34280365.fastq	Tanzania
SRR34280366	SAMN49688476	S_P279	/data/pam/team333/jg34/scratch/ITS_trichuris/00_raw/fastq/SRR34280366.fastq	Tanzania
SRR34280367	SAMN49688475	S_P278	/data/pam/team333/jg34/scratch/ITS_trichuris/00_raw/fastq/SRR34280367.fastq	Tanzania
SRR34280368	SAMN49688474	S_P277	/data/pam/team333/jg34/scratch/ITS_trichuris/00_raw/fastq/SRR34280368.fastq	Tanzania
SRR34280369	SAMN49687979	S_C071	/data/pam/team333/jg34/scratch/ITS_trichuris/00_raw/fastq/SRR34280369.fastq	Cote_dIvoire
SRR34280370	SAMN49688473	S_P276	/data/pam/team333/jg34/scratch/ITS_trichuris/00_raw/fastq/SRR34280370.fastq	Tanzania
SRR34280371	SAMN49688472	S_P273	/data/pam/team333/jg34/scratch/ITS_trichuris/00_raw/fastq/SRR34280371.fastq	Tanzania
SRR34280372	SAMN49688471	S_P272	/data/pam/team333/jg34/scratch/ITS_trichuris/00_raw/fastq/SRR34280372.fastq	Tanzania
SRR34280373	SAMN49688470	S_P270	/data/pam/team333/jg34/scratch/ITS_trichuris/00_raw/fastq/SRR34280373.fastq	Tanzania
SRR34280374	SAMN49688469	S_P269	/data/pam/team333/jg34/scratch/ITS_trichuris/00_raw/fastq/SRR34280374.fastq	Tanzania
SRR34280375	SAMN49688468	S_P265	/data/pam/team333/jg34/scratch/ITS_trichuris/00_raw/fastq/SRR34280375.fastq	Tanzania
SRR34280376	SAMN49688467	S_P264	/data/pam/team333/jg34/scratch/ITS_trichuris/00_raw/fastq/SRR34280376.fastq	Tanzania
SRR34280377	SAMN49688466	S_P262	/data/pam/team333/jg34/scratch/ITS_trichuris/00_raw/fastq/SRR34280377.fastq	Tanzania
SRR34280378	SAMN49688465	S_P261	/data/pam/team333/jg34/scratch/ITS_trichuris/00_raw/fastq/SRR34280378.fastq	Tanzania
SRR34280379	SAMN49688464	S_P260	/data/pam/team333/jg34/scratch/ITS_trichuris/00_raw/fastq/SRR34280379.fastq	Tanzania
SRR34280380	SAMN49687978	S_C070	/data/pam/team333/jg34/scratch/ITS_trichuris/00_raw/fastq/SRR34280380.fastq	Cote_dIvoire
SRR34280381	SAMN49688463	S_P259	/data/pam/team333/jg34/scratch/ITS_trichuris/00_raw/fastq/SRR34280381.fastq	Tanzania
SRR34280382	SAMN49688462	S_P258	/data/pam/team333/jg34/scratch/ITS_trichuris/00_raw/fastq/SRR34280382.fastq	Tanzania
SRR34280383	SAMN49688461	S_P257	/data/pam/team333/jg34/scratch/ITS_trichuris/00_raw/fastq/SRR34280383.fastq	Tanzania
SRR34280384	SAMN49688460	S_P254	/data/pam/team333/jg34/scratch/ITS_trichuris/00_raw/fastq/SRR34280384.fastq	Tanzania
SRR34280385	SAMN49688459	S_P253	/data/pam/team333/jg34/scratch/ITS_trichuris/00_raw/fastq/SRR34280385.fastq	Tanzania
SRR34280386	SAMN49688458	S_P249	/data/pam/team333/jg34/scratch/ITS_trichuris/00_raw/fastq/SRR34280386.fastq	Tanzania
SRR34280387	SAMN49688457	S_P248	/data/pam/team333/jg34/scratch/ITS_trichuris/00_raw/fastq/SRR34280387.fastq	Tanzania
SRR34280388	SAMN49688456	S_P246	/data/pam/team333/jg34/scratch/ITS_trichuris/00_raw/fastq/SRR34280388.fastq	Tanzania
SRR34280389	SAMN49688455	S_P243	/data/pam/team333/jg34/scratch/ITS_trichuris/00_raw/fastq/SRR34280389.fastq	Tanzania
SRR34280390	SAMN49688454	S_P242	/data/pam/team333/jg34/scratch/ITS_trichuris/00_raw/fastq/SRR34280390.fastq	Tanzania
SRR34280391	SAMN49687977	S_C069	/data/pam/team333/jg34/scratch/ITS_trichuris/00_raw/fastq/SRR34280391.fastq	Cote_dIvoire
SRR34280392	SAMN49688453	S_P240	/data/pam/team333/jg34/scratch/ITS_trichuris/00_raw/fastq/SRR34280392.fastq	Tanzania
SRR34280393	SAMN49688452	S_P238	/data/pam/team333/jg34/scratch/ITS_trichuris/00_raw/fastq/SRR34280393.fastq	Tanzania
SRR34280394	SAMN49688451	S_P237	/data/pam/team333/jg34/scratch/ITS_trichuris/00_raw/fastq/SRR34280394.fastq	Tanzania
SRR34280395	SAMN49688450	S_P235	/data/pam/team333/jg34/scratch/ITS_trichuris/00_raw/fastq/SRR34280395.fastq	Tanzania
SRR34280396	SAMN49688449	S_P231	/data/pam/team333/jg34/scratch/ITS_trichuris/00_raw/fastq/SRR34280396.fastq	Tanzania
SRR34280397	SAMN49688448	S_P221	/data/pam/team333/jg34/scratch/ITS_trichuris/00_raw/fastq/SRR34280397.fastq	Tanzania
SRR34280398	SAMN49688447	S_P217	/data/pam/team333/jg34/scratch/ITS_trichuris/00_raw/fastq/SRR34280398.fastq	Tanzania
SRR34280399	SAMN49688446	S_P215	/data/pam/team333/jg34/scratch/ITS_trichuris/00_raw/fastq/SRR34280399.fastq	Tanzania
SRR34280400	SAMN49688445	S_P214	/data/pam/team333/jg34/scratch/ITS_trichuris/00_raw/fastq/SRR34280400.fastq	Tanzania
SRR34280401	SAMN49688444	S_P210	/data/pam/team333/jg34/scratch/ITS_trichuris/00_raw/fastq/SRR34280401.fastq	Tanzania
SRR34280402	SAMN49687976	S_C067	/data/pam/team333/jg34/scratch/ITS_trichuris/00_raw/fastq/SRR34280402.fastq	Cote_dIvoire
SRR34280403	SAMN49688443	S_P206	/data/pam/team333/jg34/scratch/ITS_trichuris/00_raw/fastq/SRR34280403.fastq	Tanzania
SRR34280404	SAMN49688442	S_P203	/data/pam/team333/jg34/scratch/ITS_trichuris/00_raw/fastq/SRR34280404.fastq	Tanzania
SRR34280405	SAMN49688441	S_P200	/data/pam/team333/jg34/scratch/ITS_trichuris/00_raw/fastq/SRR34280405.fastq	Tanzania
SRR34280406	SAMN49688440	S_P199	/data/pam/team333/jg34/scratch/ITS_trichuris/00_raw/fastq/SRR34280406.fastq	Tanzania
SRR34280407	SAMN49688439	S_P194	/data/pam/team333/jg34/scratch/ITS_trichuris/00_raw/fastq/SRR34280407.fastq	Tanzania
SRR34280408	SAMN49688438	S_P191	/data/pam/team333/jg34/scratch/ITS_trichuris/00_raw/fastq/SRR34280408.fastq	Tanzania
SRR34280409	SAMN49688437	S_P190	/data/pam/team333/jg34/scratch/ITS_trichuris/00_raw/fastq/SRR34280409.fastq	Tanzania
SRR34280410	SAMN49688436	S_P188	/data/pam/team333/jg34/scratch/ITS_trichuris/00_raw/fastq/SRR34280410.fastq	Tanzania
SRR34280411	SAMN49688435	S_P187	/data/pam/team333/jg34/scratch/ITS_trichuris/00_raw/fastq/SRR34280411.fastq	Tanzania
SRR34280412	SAMN49688434	S_P186	/data/pam/team333/jg34/scratch/ITS_trichuris/00_raw/fastq/SRR34280412.fastq	Tanzania
SRR34280413	SAMN49687975	S_C066	/data/pam/team333/jg34/scratch/ITS_trichuris/00_raw/fastq/SRR34280413.fastq	Cote_dIvoire
SRR34280414	SAMN49688433	S_P185	/data/pam/team333/jg34/scratch/ITS_trichuris/00_raw/fastq/SRR34280414.fastq	Tanzania
SRR34280415	SAMN49688432	S_P183	/data/pam/team333/jg34/scratch/ITS_trichuris/00_raw/fastq/SRR34280415.fastq	Tanzania
SRR34280416	SAMN49688431	S_P180	/data/pam/team333/jg34/scratch/ITS_trichuris/00_raw/fastq/SRR34280416.fastq	Tanzania
SRR34280417	SAMN49688430	S_P177	/data/pam/team333/jg34/scratch/ITS_trichuris/00_raw/fastq/SRR34280417.fastq	Tanzania
SRR34280418	SAMN49688429	S_P172	/data/pam/team333/jg34/scratch/ITS_trichuris/00_raw/fastq/SRR34280418.fastq	Tanzania
SRR34280419	SAMN49688371	S_P076	/data/pam/team333/jg34/scratch/ITS_trichuris/00_raw/fastq/SRR34280419.fastq	Tanzania
SRR34280420	SAMN49688370	S_P075	/data/pam/team333/jg34/scratch/ITS_trichuris/00_raw/fastq/SRR34280420.fastq	Tanzania
SRR34280421	SAMN49688369	S_P074	/data/pam/team333/jg34/scratch/ITS_trichuris/00_raw/fastq/SRR34280421.fastq	Tanzania
SRR34280422	SAMN49688368	S_P073	/data/pam/team333/jg34/scratch/ITS_trichuris/00_raw/fastq/SRR34280422.fastq	Tanzania
SRR34280423	SAMN49688367	S_P072	/data/pam/team333/jg34/scratch/ITS_trichuris/00_raw/fastq/SRR34280423.fastq	Tanzania
SRR34280424	SAMN49688366	S_P070	/data/pam/team333/jg34/scratch/ITS_trichuris/00_raw/fastq/SRR34280424.fastq	Tanzania
SRR34280425	SAMN49688365	S_P069	/data/pam/team333/jg34/scratch/ITS_trichuris/00_raw/fastq/SRR34280425.fastq	Tanzania
SRR34280426	SAMN49688364	S_P068	/data/pam/team333/jg34/scratch/ITS_trichuris/00_raw/fastq/SRR34280426.fastq	Tanzania
SRR34280427	SAMN49687968	S_C059	/data/pam/team333/jg34/scratch/ITS_trichuris/00_raw/fastq/SRR34280427.fastq	Cote_dIvoire
SRR34280428	SAMN49688363	S_P067	/data/pam/team333/jg34/scratch/ITS_trichuris/00_raw/fastq/SRR34280428.fastq	Tanzania
SRR34280429	SAMN49688362	S_P066	/data/pam/team333/jg34/scratch/ITS_trichuris/00_raw/fastq/SRR34280429.fastq	Tanzania
SRR34280430	SAMN49688361	S_P064	/data/pam/team333/jg34/scratch/ITS_trichuris/00_raw/fastq/SRR34280430.fastq	Tanzania
SRR34280431	SAMN49688360	S_P063	/data/pam/team333/jg34/scratch/ITS_trichuris/00_raw/fastq/SRR34280431.fastq	Tanzania
SRR34280432	SAMN49688359	S_P062	/data/pam/team333/jg34/scratch/ITS_trichuris/00_raw/fastq/SRR34280432.fastq	Tanzania
SRR34280433	SAMN49688358	S_P061	/data/pam/team333/jg34/scratch/ITS_trichuris/00_raw/fastq/SRR34280433.fastq	Tanzania
SRR34280434	SAMN49688357	S_P060	/data/pam/team333/jg34/scratch/ITS_trichuris/00_raw/fastq/SRR34280434.fastq	Tanzania
SRR34280435	SAMN49688356	S_P059	/data/pam/team333/jg34/scratch/ITS_trichuris/00_raw/fastq/SRR34280435.fastq	Tanzania
SRR34280436	SAMN49688355	S_P058	/data/pam/team333/jg34/scratch/ITS_trichuris/00_raw/fastq/SRR34280436.fastq	Tanzania
SRR34280437	SAMN49688354	S_P056	/data/pam/team333/jg34/scratch/ITS_trichuris/00_raw/fastq/SRR34280437.fastq	Tanzania
SRR34280438	SAMN49687967	S_C058	/data/pam/team333/jg34/scratch/ITS_trichuris/00_raw/fastq/SRR34280438.fastq	Cote_dIvoire
SRR34280439	SAMN49688353	S_P052	/data/pam/team333/jg34/scratch/ITS_trichuris/00_raw/fastq/SRR34280439.fastq	Tanzania
SRR34280440	SAMN49688352	S_P051	/data/pam/team333/jg34/scratch/ITS_trichuris/00_raw/fastq/SRR34280440.fastq	Tanzania
SRR34280441	SAMN49688351	S_P050	/data/pam/team333/jg34/scratch/ITS_trichuris/00_raw/fastq/SRR34280441.fastq	Tanzania
SRR34280442	SAMN49688350	S_P049	/data/pam/team333/jg34/scratch/ITS_trichuris/00_raw/fastq/SRR34280442.fastq	Tanzania
SRR34280443	SAMN49688349	S_P047	/data/pam/team333/jg34/scratch/ITS_trichuris/00_raw/fastq/SRR34280443.fastq	Tanzania
SRR34280444	SAMN49688348	S_P045	/data/pam/team333/jg34/scratch/ITS_trichuris/00_raw/fastq/SRR34280444.fastq	Tanzania
SRR34280445	SAMN49688347	S_P044	/data/pam/team333/jg34/scratch/ITS_trichuris/00_raw/fastq/SRR34280445.fastq	Tanzania
SRR34280446	SAMN49688346	S_P043	/data/pam/team333/jg34/scratch/ITS_trichuris/00_raw/fastq/SRR34280446.fastq	Tanzania
SRR34280447	SAMN49688345	S_P042	/data/pam/team333/jg34/scratch/ITS_trichuris/00_raw/fastq/SRR34280447.fastq	Tanzania
SRR34280448	SAMN49688344	S_P041	/data/pam/team333/jg34/scratch/ITS_trichuris/00_raw/fastq/SRR34280448.fastq	Tanzania
SRR34280449	SAMN49687966	S_C056	/data/pam/team333/jg34/scratch/ITS_trichuris/00_raw/fastq/SRR34280449.fastq	Cote_dIvoire
SRR34280450	SAMN49688343	S_P039	/data/pam/team333/jg34/scratch/ITS_trichuris/00_raw/fastq/SRR34280450.fastq	Tanzania
SRR34280451	SAMN49688255	S_L360	/data/pam/team333/jg34/scratch/ITS_trichuris/00_raw/fastq/SRR34280451.fastq	Laos
SRR34280452	SAMN49688254	S_L358	/data/pam/team333/jg34/scratch/ITS_trichuris/00_raw/fastq/SRR34280452.fastq	Laos
SRR34280453	SAMN49687957	S_C045	/data/pam/team333/jg34/scratch/ITS_trichuris/00_raw/fastq/SRR34280453.fastq	Cote_dIvoire
SRR34280454	SAMN49688253	S_L349	/data/pam/team333/jg34/scratch/ITS_trichuris/00_raw/fastq/SRR34280454.fastq	Laos
SRR34280455	SAMN49688252	S_L338	/data/pam/team333/jg34/scratch/ITS_trichuris/00_raw/fastq/SRR34280455.fastq	Laos
SRR34280456	SAMN49688251	S_L319	/data/pam/team333/jg34/scratch/ITS_trichuris/00_raw/fastq/SRR34280456.fastq	Laos
SRR34280457	SAMN49688250	S_L316	/data/pam/team333/jg34/scratch/ITS_trichuris/00_raw/fastq/SRR34280457.fastq	Laos
SRR34280458	SAMN49688249	S_L310	/data/pam/team333/jg34/scratch/ITS_trichuris/00_raw/fastq/SRR34280458.fastq	Laos
SRR34280459	SAMN49688248	S_L304	/data/pam/team333/jg34/scratch/ITS_trichuris/00_raw/fastq/SRR34280459.fastq	Laos
SRR34280460	SAMN49688247	S_L299	/data/pam/team333/jg34/scratch/ITS_trichuris/00_raw/fastq/SRR34280460.fastq	Laos
SRR34280461	SAMN49688246	S_L298	/data/pam/team333/jg34/scratch/ITS_trichuris/00_raw/fastq/SRR34280461.fastq	Laos
SRR34280462	SAMN49688245	S_L297	/data/pam/team333/jg34/scratch/ITS_trichuris/00_raw/fastq/SRR34280462.fastq	Laos
SRR34280463	SAMN49688244	S_L295	/data/pam/team333/jg34/scratch/ITS_trichuris/00_raw/fastq/SRR34280463.fastq	Laos
SRR34280464	SAMN49687956	S_C044	/data/pam/team333/jg34/scratch/ITS_trichuris/00_raw/fastq/SRR34280464.fastq	Cote_dIvoire
SRR34280465	SAMN49688243	S_L294	/data/pam/team333/jg34/scratch/ITS_trichuris/00_raw/fastq/SRR34280465.fastq	Laos
SRR34280466	SAMN49688242	S_L291	/data/pam/team333/jg34/scratch/ITS_trichuris/00_raw/fastq/SRR34280466.fastq	Laos
SRR34280467	SAMN49688241	S_L287	/data/pam/team333/jg34/scratch/ITS_trichuris/00_raw/fastq/SRR34280467.fastq	Laos
SRR34280468	SAMN49688240	S_L285	/data/pam/team333/jg34/scratch/ITS_trichuris/00_raw/fastq/SRR34280468.fastq	Laos
SRR34280469	SAMN49688239	S_L283	/data/pam/team333/jg34/scratch/ITS_trichuris/00_raw/fastq/SRR34280469.fastq	Laos
SRR34280470	SAMN49688238	S_L282	/data/pam/team333/jg34/scratch/ITS_trichuris/00_raw/fastq/SRR34280470.fastq	Laos
SRR34280471	SAMN49688237	S_L281	/data/pam/team333/jg34/scratch/ITS_trichuris/00_raw/fastq/SRR34280471.fastq	Laos
SRR34280472	SAMN49688236	S_L280	/data/pam/team333/jg34/scratch/ITS_trichuris/00_raw/fastq/SRR34280472.fastq	Laos
SRR34280473	SAMN49688235	S_L279	/data/pam/team333/jg34/scratch/ITS_trichuris/00_raw/fastq/SRR34280473.fastq	Laos
SRR34280474	SAMN49688234	S_L273	/data/pam/team333/jg34/scratch/ITS_trichuris/00_raw/fastq/SRR34280474.fastq	Laos
SRR34280475	SAMN49687955	S_C042	/data/pam/team333/jg34/scratch/ITS_trichuris/00_raw/fastq/SRR34280475.fastq	Cote_dIvoire
SRR34280476	SAMN49688233	S_L272	/data/pam/team333/jg34/scratch/ITS_trichuris/00_raw/fastq/SRR34280476.fastq	Laos
SRR34280477	SAMN49688232	S_L271	/data/pam/team333/jg34/scratch/ITS_trichuris/00_raw/fastq/SRR34280477.fastq	Laos
SRR34280478	SAMN49688231	S_L268	/data/pam/team333/jg34/scratch/ITS_trichuris/00_raw/fastq/SRR34280478.fastq	Laos
SRR34280479	SAMN49688230	S_L267	/data/pam/team333/jg34/scratch/ITS_trichuris/00_raw/fastq/SRR34280479.fastq	Laos
SRR34280480	SAMN49688229	S_L266	/data/pam/team333/jg34/scratch/ITS_trichuris/00_raw/fastq/SRR34280480.fastq	Laos
SRR34280481	SAMN49688228	S_L263	/data/pam/team333/jg34/scratch/ITS_trichuris/00_raw/fastq/SRR34280481.fastq	Laos
SRR34280482	SAMN49688227	S_L259	/data/pam/team333/jg34/scratch/ITS_trichuris/00_raw/fastq/SRR34280482.fastq	Laos
SRR34280483	SAMN49688140	S_L018	/data/pam/team333/jg34/scratch/ITS_trichuris/00_raw/fastq/SRR34280483.fastq	Laos
SRR34280484	SAMN49688139	S_L016	/data/pam/team333/jg34/scratch/ITS_trichuris/00_raw/fastq/SRR34280484.fastq	Laos
SRR34280485	SAMN49688138	S_L011	/data/pam/team333/jg34/scratch/ITS_trichuris/00_raw/fastq/SRR34280485.fastq	Laos
SRR34280486	SAMN49688137	S_L008	/data/pam/team333/jg34/scratch/ITS_trichuris/00_raw/fastq/SRR34280486.fastq	Laos
SRR34280487	SAMN49688136	S_K024	/data/pam/team333/jg34/scratch/ITS_trichuris/00_raw/fastq/SRR34280487.fastq	Uganda
SRR34280488	SAMN49688135	S_K023	/data/pam/team333/jg34/scratch/ITS_trichuris/00_raw/fastq/SRR34280488.fastq	Uganda
SRR34280489	SAMN49688134	S_K022	/data/pam/team333/jg34/scratch/ITS_trichuris/00_raw/fastq/SRR34280489.fastq	Uganda
SRR34280490	SAMN49687945	S_C030	/data/pam/team333/jg34/scratch/ITS_trichuris/00_raw/fastq/SRR34280490.fastq	Cote_dIvoire
SRR34280491	SAMN49688133	S_K021	/data/pam/team333/jg34/scratch/ITS_trichuris/00_raw/fastq/SRR34280491.fastq	Uganda
SRR34280492	SAMN49688132	S_K020	/data/pam/team333/jg34/scratch/ITS_trichuris/00_raw/fastq/SRR34280492.fastq	Uganda
SRR34280493	SAMN49688131	S_K019	/data/pam/team333/jg34/scratch/ITS_trichuris/00_raw/fastq/SRR34280493.fastq	Uganda
SRR34280494	SAMN49688130	S_K018	/data/pam/team333/jg34/scratch/ITS_trichuris/00_raw/fastq/SRR34280494.fastq	Uganda
SRR34280495	SAMN49688129	S_K017	/data/pam/team333/jg34/scratch/ITS_trichuris/00_raw/fastq/SRR34280495.fastq	Uganda
SRR34280496	SAMN49688128	S_K016	/data/pam/team333/jg34/scratch/ITS_trichuris/00_raw/fastq/SRR34280496.fastq	Uganda
SRR34280497	SAMN49688127	S_K015	/data/pam/team333/jg34/scratch/ITS_trichuris/00_raw/fastq/SRR34280497.fastq	Uganda
SRR34280498	SAMN49688126	S_K014	/data/pam/team333/jg34/scratch/ITS_trichuris/00_raw/fastq/SRR34280498.fastq	Uganda
SRR34280499	SAMN49688125	S_K013	/data/pam/team333/jg34/scratch/ITS_trichuris/00_raw/fastq/SRR34280499.fastq	Uganda
SRR34280500	SAMN49688124	S_K012	/data/pam/team333/jg34/scratch/ITS_trichuris/00_raw/fastq/SRR34280500.fastq	Uganda
SRR34280501	SAMN49687944	S_C029	/data/pam/team333/jg34/scratch/ITS_trichuris/00_raw/fastq/SRR34280501.fastq	Cote_dIvoire
SRR34280502	SAMN49687926	S_C003	/data/pam/team333/jg34/scratch/ITS_trichuris/00_raw/fastq/SRR34280502.fastq	Cote_dIvoire
SRR34280503	SAMN49688123	S_K011	/data/pam/team333/jg34/scratch/ITS_trichuris/00_raw/fastq/SRR34280503.fastq	Uganda
SRR34280504	SAMN49688122	S_K010	/data/pam/team333/jg34/scratch/ITS_trichuris/00_raw/fastq/SRR34280504.fastq	Uganda
SRR34280505	SAMN49688121	S_K009	/data/pam/team333/jg34/scratch/ITS_trichuris/00_raw/fastq/SRR34280505.fastq	Uganda
SRR34280506	SAMN49688120	S_K008	/data/pam/team333/jg34/scratch/ITS_trichuris/00_raw/fastq/SRR34280506.fastq	Uganda
SRR34280507	SAMN49688119	S_K007	/data/pam/team333/jg34/scratch/ITS_trichuris/00_raw/fastq/SRR34280507.fastq	Uganda
SRR34280508	SAMN49688118	S_K006	/data/pam/team333/jg34/scratch/ITS_trichuris/00_raw/fastq/SRR34280508.fastq	Uganda
SRR34280509	SAMN49688117	S_K005	/data/pam/team333/jg34/scratch/ITS_trichuris/00_raw/fastq/SRR34280509.fastq	Uganda
SRR34280510	SAMN49688116	S_K004	/data/pam/team333/jg34/scratch/ITS_trichuris/00_raw/fastq/SRR34280510.fastq	Uganda
SRR34280511	SAMN49688115	S_K003	/data/pam/team333/jg34/scratch/ITS_trichuris/00_raw/fastq/SRR34280511.fastq	Uganda
SRR34280512	SAMN49688114	S_K002	/data/pam/team333/jg34/scratch/ITS_trichuris/00_raw/fastq/SRR34280512.fastq	Uganda
SRR34280513	SAMN49687943	S_C028	/data/pam/team333/jg34/scratch/ITS_trichuris/00_raw/fastq/SRR34280513.fastq	Cote_dIvoire
SRR34280514	SAMN49688113	S_K001	/data/pam/team333/jg34/scratch/ITS_trichuris/00_raw/fastq/SRR34280514.fastq	Uganda
SRR34280515	SAMN49688024	S_C134	/data/pam/team333/jg34/scratch/ITS_trichuris/00_raw/fastq/SRR34280515.fastq	Cote_dIvoire
SRR34280516	SAMN49687934	S_C017	/data/pam/team333/jg34/scratch/ITS_trichuris/00_raw/fastq/SRR34280516.fastq	Cote_dIvoire
SRR34280517	SAMN49687925	S_C002	/data/pam/team333/jg34/scratch/ITS_trichuris/00_raw/fastq/SRR34280517.fastq	Cote_dIvoire
SRR34280518	SAMN49687924	S_C001	/data/pam/team333/jg34/scratch/ITS_trichuris/00_raw/fastq/SRR34280518.fastq	Cote_dIvoire
SRR34280519	SAMN49688569	S_R071	/data/pam/team333/jg34/scratch/ITS_trichuris/00_raw/fastq/SRR34280519.fastq	Uganda
SRR34280520	SAMN49688568	S_R070	/data/pam/team333/jg34/scratch/ITS_trichuris/00_raw/fastq/SRR34280520.fastq	Uganda
SRR34280521	SAMN49688567	S_R069	/data/pam/team333/jg34/scratch/ITS_trichuris/00_raw/fastq/SRR34280521.fastq	Uganda
SRR34280522	SAMN49688566	S_R068	/data/pam/team333/jg34/scratch/ITS_trichuris/00_raw/fastq/SRR34280522.fastq	Uganda
SRR34280523	SAMN49688565	S_R067	/data/pam/team333/jg34/scratch/ITS_trichuris/00_raw/fastq/SRR34280523.fastq	Uganda
SRR34280524	SAMN49688564	S_R066	/data/pam/team333/jg34/scratch/ITS_trichuris/00_raw/fastq/SRR34280524.fastq	Uganda
SRR34280525	SAMN49687988	S_C080	/data/pam/team333/jg34/scratch/ITS_trichuris/00_raw/fastq/SRR34280525.fastq	Cote_dIvoire
SRR34280526	SAMN49688563	S_R065	/data/pam/team333/jg34/scratch/ITS_trichuris/00_raw/fastq/SRR34280526.fastq	Uganda
SRR34280527	SAMN49688562	S_R064	/data/pam/team333/jg34/scratch/ITS_trichuris/00_raw/fastq/SRR34280527.fastq	Uganda
SRR34280528	SAMN49688561	S_R063	/data/pam/team333/jg34/scratch/ITS_trichuris/00_raw/fastq/SRR34280528.fastq	Uganda
SRR34280529	SAMN49688560	S_R062	/data/pam/team333/jg34/scratch/ITS_trichuris/00_raw/fastq/SRR34280529.fastq	Uganda
SRR34280530	SAMN49688559	S_R061	/data/pam/team333/jg34/scratch/ITS_trichuris/00_raw/fastq/SRR34280530.fastq	Uganda
SRR34280531	SAMN49688558	S_R060	/data/pam/team333/jg34/scratch/ITS_trichuris/00_raw/fastq/SRR34280531.fastq	Uganda
SRR34280532	SAMN49688557	S_R059	/data/pam/team333/jg34/scratch/ITS_trichuris/00_raw/fastq/SRR34280532.fastq	Uganda
SRR34280533	SAMN49688556	S_R058	/data/pam/team333/jg34/scratch/ITS_trichuris/00_raw/fastq/SRR34280533.fastq	Uganda
SRR34280534	SAMN49688555	S_R057	/data/pam/team333/jg34/scratch/ITS_trichuris/00_raw/fastq/SRR34280534.fastq	Uganda
SRR34280535	SAMN49688554	S_R056	/data/pam/team333/jg34/scratch/ITS_trichuris/00_raw/fastq/SRR34280535.fastq	Uganda
SRR34280536	SAMN49687987	S_C079	/data/pam/team333/jg34/scratch/ITS_trichuris/00_raw/fastq/SRR34280536.fastq	Cote_dIvoire
SRR34280537	SAMN49688553	S_R055	/data/pam/team333/jg34/scratch/ITS_trichuris/00_raw/fastq/SRR34280537.fastq	Uganda
SRR34280538	SAMN49688552	S_R054	/data/pam/team333/jg34/scratch/ITS_trichuris/00_raw/fastq/SRR34280538.fastq	Uganda
SRR34280539	SAMN49688551	S_R053	/data/pam/team333/jg34/scratch/ITS_trichuris/00_raw/fastq/SRR34280539.fastq	Uganda
SRR34280540	SAMN49688550	S_R052	/data/pam/team333/jg34/scratch/ITS_trichuris/00_raw/fastq/SRR34280540.fastq	Uganda
SRR34280541	SAMN49688549	S_R051	/data/pam/team333/jg34/scratch/ITS_trichuris/00_raw/fastq/SRR34280541.fastq	Uganda
SRR34280542	SAMN49688548	S_R050	/data/pam/team333/jg34/scratch/ITS_trichuris/00_raw/fastq/SRR34280542.fastq	Uganda
SRR34280543	SAMN49688547	S_R049	/data/pam/team333/jg34/scratch/ITS_trichuris/00_raw/fastq/SRR34280543.fastq	Uganda
SRR34280544	SAMN49688546	S_R048	/data/pam/team333/jg34/scratch/ITS_trichuris/00_raw/fastq/SRR34280544.fastq	Uganda
SRR34280545	SAMN49688545	S_R047	/data/pam/team333/jg34/scratch/ITS_trichuris/00_raw/fastq/SRR34280545.fastq	Uganda
SRR34280546	SAMN49688544	S_R046	/data/pam/team333/jg34/scratch/ITS_trichuris/00_raw/fastq/SRR34280546.fastq	Uganda
SRR34280547	SAMN49688342	S_P038	/data/pam/team333/jg34/scratch/ITS_trichuris/00_raw/fastq/SRR34280547.fastq	Tanzania
SRR34280548	SAMN49688341	S_P037	/data/pam/team333/jg34/scratch/ITS_trichuris/00_raw/fastq/SRR34280548.fastq	Tanzania
SRR34280549	SAMN49688340	S_P036	/data/pam/team333/jg34/scratch/ITS_trichuris/00_raw/fastq/SRR34280549.fastq	Tanzania
SRR34280550	SAMN49688339	S_P035	/data/pam/team333/jg34/scratch/ITS_trichuris/00_raw/fastq/SRR34280550.fastq	Tanzania
SRR34280551	SAMN49688338	S_P033	/data/pam/team333/jg34/scratch/ITS_trichuris/00_raw/fastq/SRR34280551.fastq	Tanzania
SRR34280552	SAMN49688337	S_P031	/data/pam/team333/jg34/scratch/ITS_trichuris/00_raw/fastq/SRR34280552.fastq	Tanzania
SRR34280553	SAMN49688336	S_P030	/data/pam/team333/jg34/scratch/ITS_trichuris/00_raw/fastq/SRR34280553.fastq	Tanzania
SRR34280554	SAMN49688335	S_P029	/data/pam/team333/jg34/scratch/ITS_trichuris/00_raw/fastq/SRR34280554.fastq	Tanzania
SRR34280555	SAMN49688334	S_P028	/data/pam/team333/jg34/scratch/ITS_trichuris/00_raw/fastq/SRR34280555.fastq	Tanzania
SRR34280556	SAMN49687965	S_C055	/data/pam/team333/jg34/scratch/ITS_trichuris/00_raw/fastq/SRR34280556.fastq	Cote_dIvoire
SRR34280557	SAMN49688333	S_P027	/data/pam/team333/jg34/scratch/ITS_trichuris/00_raw/fastq/SRR34280557.fastq	Tanzania
SRR34280558	SAMN49688332	S_P025	/data/pam/team333/jg34/scratch/ITS_trichuris/00_raw/fastq/SRR34280558.fastq	Tanzania
SRR34280559	SAMN49688331	S_P024	/data/pam/team333/jg34/scratch/ITS_trichuris/00_raw/fastq/SRR34280559.fastq	Tanzania
SRR34280560	SAMN49688330	S_P022	/data/pam/team333/jg34/scratch/ITS_trichuris/00_raw/fastq/SRR34280560.fastq	Tanzania
SRR34280561	SAMN49688329	S_P021	/data/pam/team333/jg34/scratch/ITS_trichuris/00_raw/fastq/SRR34280561.fastq	Tanzania
SRR34280562	SAMN49688328	S_P020	/data/pam/team333/jg34/scratch/ITS_trichuris/00_raw/fastq/SRR34280562.fastq	Tanzania
SRR34280563	SAMN49688327	S_P019	/data/pam/team333/jg34/scratch/ITS_trichuris/00_raw/fastq/SRR34280563.fastq	Tanzania
SRR34280564	SAMN49688326	S_P018	/data/pam/team333/jg34/scratch/ITS_trichuris/00_raw/fastq/SRR34280564.fastq	Tanzania
SRR34280565	SAMN49688325	S_P017	/data/pam/team333/jg34/scratch/ITS_trichuris/00_raw/fastq/SRR34280565.fastq	Tanzania
SRR34280566	SAMN49688324	S_P016	/data/pam/team333/jg34/scratch/ITS_trichuris/00_raw/fastq/SRR34280566.fastq	Tanzania
SRR34280567	SAMN49687964	S_C052	/data/pam/team333/jg34/scratch/ITS_trichuris/00_raw/fastq/SRR34280567.fastq	Cote_dIvoire
SRR34280568	SAMN49687928	S_C006	/data/pam/team333/jg34/scratch/ITS_trichuris/00_raw/fastq/SRR34280568.fastq	Cote_dIvoire
SRR34280569	SAMN49688323	S_P015	/data/pam/team333/jg34/scratch/ITS_trichuris/00_raw/fastq/SRR34280569.fastq	Tanzania
SRR34280570	SAMN49688322	S_P013	/data/pam/team333/jg34/scratch/ITS_trichuris/00_raw/fastq/SRR34280570.fastq	Tanzania
SRR34280571	SAMN49688321	S_P012	/data/pam/team333/jg34/scratch/ITS_trichuris/00_raw/fastq/SRR34280571.fastq	Tanzania
SRR34280572	SAMN49688320	S_P011	/data/pam/team333/jg34/scratch/ITS_trichuris/00_raw/fastq/SRR34280572.fastq	Tanzania
SRR34280573	SAMN49688319	S_P010	/data/pam/team333/jg34/scratch/ITS_trichuris/00_raw/fastq/SRR34280573.fastq	Tanzania
SRR34280574	SAMN49688318	S_P009	/data/pam/team333/jg34/scratch/ITS_trichuris/00_raw/fastq/SRR34280574.fastq	Tanzania
SRR34280575	SAMN49688317	S_P008	/data/pam/team333/jg34/scratch/ITS_trichuris/00_raw/fastq/SRR34280575.fastq	Tanzania
SRR34280576	SAMN49688316	S_P007	/data/pam/team333/jg34/scratch/ITS_trichuris/00_raw/fastq/SRR34280576.fastq	Tanzania
SRR34280577	SAMN49688315	S_P006	/data/pam/team333/jg34/scratch/ITS_trichuris/00_raw/fastq/SRR34280577.fastq	Tanzania
SRR34280578	SAMN49688314	S_P005	/data/pam/team333/jg34/scratch/ITS_trichuris/00_raw/fastq/SRR34280578.fastq	Tanzania
SRR34280579	SAMN49688226	S_L258	/data/pam/team333/jg34/scratch/ITS_trichuris/00_raw/fastq/SRR34280579.fastq	Laos
SRR34280580	SAMN49688225	S_L254	/data/pam/team333/jg34/scratch/ITS_trichuris/00_raw/fastq/SRR34280580.fastq	Laos
SRR34280581	SAMN49688224	S_L252	/data/pam/team333/jg34/scratch/ITS_trichuris/00_raw/fastq/SRR34280581.fastq	Laos
SRR34280582	SAMN49687954	S_C040	/data/pam/team333/jg34/scratch/ITS_trichuris/00_raw/fastq/SRR34280582.fastq	Cote_dIvoire
SRR34280583	SAMN49687927	S_C005	/data/pam/team333/jg34/scratch/ITS_trichuris/00_raw/fastq/SRR34280583.fastq	Cote_dIvoire
SRR34280584	SAMN49688223	S_L250	/data/pam/team333/jg34/scratch/ITS_trichuris/00_raw/fastq/SRR34280584.fastq	Laos
SRR34280585	SAMN49688222	S_L247	/data/pam/team333/jg34/scratch/ITS_trichuris/00_raw/fastq/SRR34280585.fastq	Laos
SRR34280586	SAMN49688221	S_L246	/data/pam/team333/jg34/scratch/ITS_trichuris/00_raw/fastq/SRR34280586.fastq	Laos
SRR34280587	SAMN49688220	S_L244	/data/pam/team333/jg34/scratch/ITS_trichuris/00_raw/fastq/SRR34280587.fastq	Laos
SRR34280588	SAMN49688219	S_L243	/data/pam/team333/jg34/scratch/ITS_trichuris/00_raw/fastq/SRR34280588.fastq	Laos
SRR34280589	SAMN49688218	S_L239	/data/pam/team333/jg34/scratch/ITS_trichuris/00_raw/fastq/SRR34280589.fastq	Laos
SRR34280590	SAMN49688217	S_L238	/data/pam/team333/jg34/scratch/ITS_trichuris/00_raw/fastq/SRR34280590.fastq	Laos
SRR34280591	SAMN49688216	S_L237	/data/pam/team333/jg34/scratch/ITS_trichuris/00_raw/fastq/SRR34280591.fastq	Laos
SRR34280592	SAMN49688215	S_L234	/data/pam/team333/jg34/scratch/ITS_trichuris/00_raw/fastq/SRR34280592.fastq	Laos
SRR34280593	SAMN49688214	S_L233	/data/pam/team333/jg34/scratch/ITS_trichuris/00_raw/fastq/SRR34280593.fastq	Laos
SRR34280594	SAMN49687953	S_C038	/data/pam/team333/jg34/scratch/ITS_trichuris/00_raw/fastq/SRR34280594.fastq	Cote_dIvoire
SRR34280595	SAMN49688213	S_L231	/data/pam/team333/jg34/scratch/ITS_trichuris/00_raw/fastq/SRR34280595.fastq	Laos
SRR34280596	SAMN49688212	S_L230	/data/pam/team333/jg34/scratch/ITS_trichuris/00_raw/fastq/SRR34280596.fastq	Laos
SRR34280597	SAMN49688211	S_L227	/data/pam/team333/jg34/scratch/ITS_trichuris/00_raw/fastq/SRR34280597.fastq	Laos
SRR34280598	SAMN49688210	S_L225	/data/pam/team333/jg34/scratch/ITS_trichuris/00_raw/fastq/SRR34280598.fastq	Laos
SRR34280599	SAMN49688209	S_L218	/data/pam/team333/jg34/scratch/ITS_trichuris/00_raw/fastq/SRR34280599.fastq	Laos
SRR34280600	SAMN49688208	S_L217	/data/pam/team333/jg34/scratch/ITS_trichuris/00_raw/fastq/SRR34280600.fastq	Laos
SRR34280601	SAMN49688207	S_L214	/data/pam/team333/jg34/scratch/ITS_trichuris/00_raw/fastq/SRR34280601.fastq	Laos
SRR34280602	SAMN49688206	S_L212	/data/pam/team333/jg34/scratch/ITS_trichuris/00_raw/fastq/SRR34280602.fastq	Laos
SRR34280603	SAMN49688205	S_L209	/data/pam/team333/jg34/scratch/ITS_trichuris/00_raw/fastq/SRR34280603.fastq	Laos
SRR34280604	SAMN49688204	S_L204	/data/pam/team333/jg34/scratch/ITS_trichuris/00_raw/fastq/SRR34280604.fastq	Laos
SRR34280605	SAMN49687952	S_C037	/data/pam/team333/jg34/scratch/ITS_trichuris/00_raw/fastq/SRR34280605.fastq	Cote_dIvoire
SRR34280606	SAMN49688203	S_L203	/data/pam/team333/jg34/scratch/ITS_trichuris/00_raw/fastq/SRR34280606.fastq	Laos
SRR34280607	SAMN49688202	S_L196	/data/pam/team333/jg34/scratch/ITS_trichuris/00_raw/fastq/SRR34280607.fastq	Laos
SRR34280608	SAMN49688201	S_L192	/data/pam/team333/jg34/scratch/ITS_trichuris/00_raw/fastq/SRR34280608.fastq	Laos
SRR34280609	SAMN49688200	S_L191	/data/pam/team333/jg34/scratch/ITS_trichuris/00_raw/fastq/SRR34280609.fastq	Laos
SRR34280610	SAMN49688199	S_L190	/data/pam/team333/jg34/scratch/ITS_trichuris/00_raw/fastq/SRR34280610.fastq	Laos
SRR34280611	SAMN49688112	S_C399	/data/pam/team333/jg34/scratch/ITS_trichuris/00_raw/fastq/SRR34280611.fastq	Cote_dIvoire
SRR34280612	SAMN49688111	S_C355	/data/pam/team333/jg34/scratch/ITS_trichuris/00_raw/fastq/SRR34280612.fastq	Cote_dIvoire
SRR34280613	SAMN49688110	S_C350	/data/pam/team333/jg34/scratch/ITS_trichuris/00_raw/fastq/SRR34280613.fastq	Cote_dIvoire
SRR34280614	SAMN49688109	S_C347	/data/pam/team333/jg34/scratch/ITS_trichuris/00_raw/fastq/SRR34280614.fastq	Cote_dIvoire
SRR34280615	SAMN49688108	S_C345	/data/pam/team333/jg34/scratch/ITS_trichuris/00_raw/fastq/SRR34280615.fastq	Cote_dIvoire
SRR34280616	SAMN49688107	S_C344	/data/pam/team333/jg34/scratch/ITS_trichuris/00_raw/fastq/SRR34280616.fastq	Cote_dIvoire
SRR34280617	SAMN49688106	S_C343	/data/pam/team333/jg34/scratch/ITS_trichuris/00_raw/fastq/SRR34280617.fastq	Cote_dIvoire
SRR34280618	SAMN49688105	S_C342	/data/pam/team333/jg34/scratch/ITS_trichuris/00_raw/fastq/SRR34280618.fastq	Cote_dIvoire
SRR34280619	SAMN49688104	S_C339	/data/pam/team333/jg34/scratch/ITS_trichuris/00_raw/fastq/SRR34280619.fastq	Cote_dIvoire
SRR34280620	SAMN49687942	S_C027	/data/pam/team333/jg34/scratch/ITS_trichuris/00_raw/fastq/SRR34280620.fastq	Cote_dIvoire
SRR34280621	SAMN49688103	S_C338	/data/pam/team333/jg34/scratch/ITS_trichuris/00_raw/fastq/SRR34280621.fastq	Cote_dIvoire
SRR34280622	SAMN49688102	S_C337	/data/pam/team333/jg34/scratch/ITS_trichuris/00_raw/fastq/SRR34280622.fastq	Cote_dIvoire
SRR34280623	SAMN49688101	S_C335	/data/pam/team333/jg34/scratch/ITS_trichuris/00_raw/fastq/SRR34280623.fastq	Cote_dIvoire
SRR34280624	SAMN49688100	S_C333	/data/pam/team333/jg34/scratch/ITS_trichuris/00_raw/fastq/SRR34280624.fastq	Cote_dIvoire
SRR34280625	SAMN49688099	S_C332	/data/pam/team333/jg34/scratch/ITS_trichuris/00_raw/fastq/SRR34280625.fastq	Cote_dIvoire
SRR34280626	SAMN49688098	S_C330	/data/pam/team333/jg34/scratch/ITS_trichuris/00_raw/fastq/SRR34280626.fastq	Cote_dIvoire
SRR34280627	SAMN49688097	S_C326	/data/pam/team333/jg34/scratch/ITS_trichuris/00_raw/fastq/SRR34280627.fastq	Cote_dIvoire
SRR34280628	SAMN49688096	S_C324	/data/pam/team333/jg34/scratch/ITS_trichuris/00_raw/fastq/SRR34280628.fastq	Cote_dIvoire
SRR34280629	SAMN49688095	S_C323	/data/pam/team333/jg34/scratch/ITS_trichuris/00_raw/fastq/SRR34280629.fastq	Cote_dIvoire
SRR34280630	SAMN49688094	S_C314	/data/pam/team333/jg34/scratch/ITS_trichuris/00_raw/fastq/SRR34280630.fastq	Cote_dIvoire
SRR34280631	SAMN49687941	S_C026	/data/pam/team333/jg34/scratch/ITS_trichuris/00_raw/fastq/SRR34280631.fastq	Cote_dIvoire
SRR34280632	SAMN49688093	S_C313	/data/pam/team333/jg34/scratch/ITS_trichuris/00_raw/fastq/SRR34280632.fastq	Cote_dIvoire
SRR34280633	SAMN49688092	S_C312	/data/pam/team333/jg34/scratch/ITS_trichuris/00_raw/fastq/SRR34280633.fastq	Cote_dIvoire
SRR34280634	SAMN49688091	S_C309	/data/pam/team333/jg34/scratch/ITS_trichuris/00_raw/fastq/SRR34280634.fastq	Cote_dIvoire
SRR34280635	SAMN49688090	S_C307	/data/pam/team333/jg34/scratch/ITS_trichuris/00_raw/fastq/SRR34280635.fastq	Cote_dIvoire
SRR34280636	SAMN49688089	S_C305	/data/pam/team333/jg34/scratch/ITS_trichuris/00_raw/fastq/SRR34280636.fastq	Cote_dIvoire
SRR34280637	SAMN49688088	S_C304	/data/pam/team333/jg34/scratch/ITS_trichuris/00_raw/fastq/SRR34280637.fastq	Cote_dIvoire
SRR34280638	SAMN49688087	S_C302	/data/pam/team333/jg34/scratch/ITS_trichuris/00_raw/fastq/SRR34280638.fastq	Cote_dIvoire
SRR34280639	SAMN49688086	S_C300	/data/pam/team333/jg34/scratch/ITS_trichuris/00_raw/fastq/SRR34280639.fastq	Cote_dIvoire
SRR34280640	SAMN49688085	S_C299	/data/pam/team333/jg34/scratch/ITS_trichuris/00_raw/fastq/SRR34280640.fastq	Cote_dIvoire
SRR34280641	SAMN49688084	S_C295	/data/pam/team333/jg34/scratch/ITS_trichuris/00_raw/fastq/SRR34280641.fastq	Cote_dIvoire
SRR34280642	SAMN49687940	S_C024	/data/pam/team333/jg34/scratch/ITS_trichuris/00_raw/fastq/SRR34280642.fastq	Cote_dIvoire
SRR34280643	SAMN49688013	S_C118	/data/pam/team333/jg34/scratch/ITS_trichuris/00_raw/fastq/SRR34280643.fastq	Cote_dIvoire
SRR34280644	SAMN49688012	S_C117	/data/pam/team333/jg34/scratch/ITS_trichuris/00_raw/fastq/SRR34280644.fastq	Cote_dIvoire
SRR34280645	SAMN49688011	S_C110	/data/pam/team333/jg34/scratch/ITS_trichuris/00_raw/fastq/SRR34280645.fastq	Cote_dIvoire
SRR34280646	SAMN49688010	S_C108	/data/pam/team333/jg34/scratch/ITS_trichuris/00_raw/fastq/SRR34280646.fastq	Cote_dIvoire
SRR34280647	SAMN49688009	S_C107	/data/pam/team333/jg34/scratch/ITS_trichuris/00_raw/fastq/SRR34280647.fastq	Cote_dIvoire
SRR34280648	SAMN49688008	S_C104	/data/pam/team333/jg34/scratch/ITS_trichuris/00_raw/fastq/SRR34280648.fastq	Cote_dIvoire
SRR34280649	SAMN49688007	S_C103	/data/pam/team333/jg34/scratch/ITS_trichuris/00_raw/fastq/SRR34280649.fastq	Cote_dIvoire
SRR34280650	SAMN49688006	S_C102	/data/pam/team333/jg34/scratch/ITS_trichuris/00_raw/fastq/SRR34280650.fastq	Cote_dIvoire
SRR34280651	SAMN49688005	S_C100	/data/pam/team333/jg34/scratch/ITS_trichuris/00_raw/fastq/SRR34280651.fastq	Cote_dIvoire
SRR34280652	SAMN49688004	S_C098	/data/pam/team333/jg34/scratch/ITS_trichuris/00_raw/fastq/SRR34280652.fastq	Cote_dIvoire
SRR34280653	SAMN49687932	S_C013	/data/pam/team333/jg34/scratch/ITS_trichuris/00_raw/fastq/SRR34280653.fastq	Cote_dIvoire
SRR34280654	SAMN49688003	S_C097	/data/pam/team333/jg34/scratch/ITS_trichuris/00_raw/fastq/SRR34280654.fastq	Cote_dIvoire
SRR34280655	SAMN49688002	S_C096	/data/pam/team333/jg34/scratch/ITS_trichuris/00_raw/fastq/SRR34280655.fastq	Cote_dIvoire
SRR34280656	SAMN49688001	S_C095	/data/pam/team333/jg34/scratch/ITS_trichuris/00_raw/fastq/SRR34280656.fastq	Cote_dIvoire
SRR34280657	SAMN49688000	S_C094	/data/pam/team333/jg34/scratch/ITS_trichuris/00_raw/fastq/SRR34280657.fastq	Cote_dIvoire
SRR34280658	SAMN49687999	S_C093	/data/pam/team333/jg34/scratch/ITS_trichuris/00_raw/fastq/SRR34280658.fastq	Cote_dIvoire
SRR34280659	SAMN49687998	S_C092	/data/pam/team333/jg34/scratch/ITS_trichuris/00_raw/fastq/SRR34280659.fastq	Cote_dIvoire
SRR34280660	SAMN49687997	S_C091	/data/pam/team333/jg34/scratch/ITS_trichuris/00_raw/fastq/SRR34280660.fastq	Cote_dIvoire
SRR34280661	SAMN49687996	S_C090	/data/pam/team333/jg34/scratch/ITS_trichuris/00_raw/fastq/SRR34280661.fastq	Cote_dIvoire
SRR34280662	SAMN49687995	S_C088	/data/pam/team333/jg34/scratch/ITS_trichuris/00_raw/fastq/SRR34280662.fastq	Cote_dIvoire
SRR34280663	SAMN49687994	S_C087	/data/pam/team333/jg34/scratch/ITS_trichuris/00_raw/fastq/SRR34280663.fastq	Cote_dIvoire
SRR34280664	SAMN49687931	S_C010	/data/pam/team333/jg34/scratch/ITS_trichuris/00_raw/fastq/SRR34280664.fastq	Cote_dIvoire
SRR34280665	SAMN49687993	S_C086	/data/pam/team333/jg34/scratch/ITS_trichuris/00_raw/fastq/SRR34280665.fastq	Cote_dIvoire
SRR34280666	SAMN49688610	S_R112	/data/pam/team333/jg34/scratch/ITS_trichuris/00_raw/fastq/SRR34280666.fastq	Uganda
SRR34280667	SAMN49688609	S_R111	/data/pam/team333/jg34/scratch/ITS_trichuris/00_raw/fastq/SRR34280667.fastq	Uganda
SRR34280668	SAMN49688608	S_R110	/data/pam/team333/jg34/scratch/ITS_trichuris/00_raw/fastq/SRR34280668.fastq	Uganda
SRR34280669	SAMN49688607	S_R109	/data/pam/team333/jg34/scratch/ITS_trichuris/00_raw/fastq/SRR34280669.fastq	Uganda
SRR34280670	SAMN49688606	S_R108	/data/pam/team333/jg34/scratch/ITS_trichuris/00_raw/fastq/SRR34280670.fastq	Uganda
SRR34280671	SAMN49688605	S_R107	/data/pam/team333/jg34/scratch/ITS_trichuris/00_raw/fastq/SRR34280671.fastq	Uganda
SRR34280672	SAMN49688604	S_R106	/data/pam/team333/jg34/scratch/ITS_trichuris/00_raw/fastq/SRR34280672.fastq	Uganda
SRR34280673	SAMN49687992	S_C084	/data/pam/team333/jg34/scratch/ITS_trichuris/00_raw/fastq/SRR34280673.fastq	Cote_dIvoire
SRR34280674	SAMN49688603	S_R105	/data/pam/team333/jg34/scratch/ITS_trichuris/00_raw/fastq/SRR34280674.fastq	Uganda
SRR34280675	SAMN49687986	S_C078	/data/pam/team333/jg34/scratch/ITS_trichuris/00_raw/fastq/SRR34280675.fastq	Cote_dIvoire
SRR34280676	SAMN49688543	S_R045	/data/pam/team333/jg34/scratch/ITS_trichuris/00_raw/fastq/SRR34280676.fastq	Uganda
SRR34280677	SAMN49688542	S_R044	/data/pam/team333/jg34/scratch/ITS_trichuris/00_raw/fastq/SRR34280677.fastq	Uganda
SRR34280678	SAMN49688541	S_R043	/data/pam/team333/jg34/scratch/ITS_trichuris/00_raw/fastq/SRR34280678.fastq	Uganda
SRR34280679	SAMN49688540	S_R042	/data/pam/team333/jg34/scratch/ITS_trichuris/00_raw/fastq/SRR34280679.fastq	Uganda
SRR34280680	SAMN49688539	S_R041	/data/pam/team333/jg34/scratch/ITS_trichuris/00_raw/fastq/SRR34280680.fastq	Uganda
SRR34280681	SAMN49688538	S_R040	/data/pam/team333/jg34/scratch/ITS_trichuris/00_raw/fastq/SRR34280681.fastq	Uganda
SRR34280682	SAMN49688537	S_R039	/data/pam/team333/jg34/scratch/ITS_trichuris/00_raw/fastq/SRR34280682.fastq	Uganda
SRR34280683	SAMN49688536	S_R038	/data/pam/team333/jg34/scratch/ITS_trichuris/00_raw/fastq/SRR34280683.fastq	Uganda
SRR34280684	SAMN49688535	S_R037	/data/pam/team333/jg34/scratch/ITS_trichuris/00_raw/fastq/SRR34280684.fastq	Uganda
SRR34280685	SAMN49688534	S_R036	/data/pam/team333/jg34/scratch/ITS_trichuris/00_raw/fastq/SRR34280685.fastq	Uganda
SRR34280686	SAMN49687985	S_C077	/data/pam/team333/jg34/scratch/ITS_trichuris/00_raw/fastq/SRR34280686.fastq	Cote_dIvoire
SRR34280687	SAMN49688533	S_R035	/data/pam/team333/jg34/scratch/ITS_trichuris/00_raw/fastq/SRR34280687.fastq	Uganda
SRR34280688	SAMN49688532	S_R034	/data/pam/team333/jg34/scratch/ITS_trichuris/00_raw/fastq/SRR34280688.fastq	Uganda
SRR34280689	SAMN49688531	S_R033	/data/pam/team333/jg34/scratch/ITS_trichuris/00_raw/fastq/SRR34280689.fastq	Uganda
SRR34280690	SAMN49688530	S_R032	/data/pam/team333/jg34/scratch/ITS_trichuris/00_raw/fastq/SRR34280690.fastq	Uganda
SRR34280691	SAMN49688529	S_R031	/data/pam/team333/jg34/scratch/ITS_trichuris/00_raw/fastq/SRR34280691.fastq	Uganda
SRR34280692	SAMN49688528	S_R030	/data/pam/team333/jg34/scratch/ITS_trichuris/00_raw/fastq/SRR34280692.fastq	Uganda
SRR34280693	SAMN49688527	S_R029	/data/pam/team333/jg34/scratch/ITS_trichuris/00_raw/fastq/SRR34280693.fastq	Uganda
SRR34280694	SAMN49688526	S_R028	/data/pam/team333/jg34/scratch/ITS_trichuris/00_raw/fastq/SRR34280694.fastq	Uganda
SRR34280695	SAMN49688525	S_R027	/data/pam/team333/jg34/scratch/ITS_trichuris/00_raw/fastq/SRR34280695.fastq	Uganda
SRR34280696	SAMN49688524	S_R026	/data/pam/team333/jg34/scratch/ITS_trichuris/00_raw/fastq/SRR34280696.fastq	Uganda
SRR34280697	SAMN49687984	S_C076	/data/pam/team333/jg34/scratch/ITS_trichuris/00_raw/fastq/SRR34280697.fastq	Cote_dIvoire
SRR34280698	SAMN49687930	S_C009	/data/pam/team333/jg34/scratch/ITS_trichuris/00_raw/fastq/SRR34280698.fastq	Cote_dIvoire
SRR34280699	SAMN49688523	S_R025	/data/pam/team333/jg34/scratch/ITS_trichuris/00_raw/fastq/SRR34280699.fastq	Uganda
SRR34280700	SAMN49688522	S_R024	/data/pam/team333/jg34/scratch/ITS_trichuris/00_raw/fastq/SRR34280700.fastq	Uganda
SRR34280701	SAMN49688521	S_R023	/data/pam/team333/jg34/scratch/ITS_trichuris/00_raw/fastq/SRR34280701.fastq	Uganda
SRR34280702	SAMN49688520	S_R022	/data/pam/team333/jg34/scratch/ITS_trichuris/00_raw/fastq/SRR34280702.fastq	Uganda
SRR34280703	SAMN49688519	S_R021	/data/pam/team333/jg34/scratch/ITS_trichuris/00_raw/fastq/SRR34280703.fastq	Uganda
SRR34280704	SAMN49688518	S_R020	/data/pam/team333/jg34/scratch/ITS_trichuris/00_raw/fastq/SRR34280704.fastq	Uganda
SRR34280705	SAMN49688517	S_R019	/data/pam/team333/jg34/scratch/ITS_trichuris/00_raw/fastq/SRR34280705.fastq	Uganda
SRR34280706	SAMN49688516	S_R018	/data/pam/team333/jg34/scratch/ITS_trichuris/00_raw/fastq/SRR34280706.fastq	Uganda
SRR34280707	SAMN49688428	S_P170	/data/pam/team333/jg34/scratch/ITS_trichuris/00_raw/fastq/SRR34280707.fastq	Tanzania
SRR34280708	SAMN49688427	S_P169	/data/pam/team333/jg34/scratch/ITS_trichuris/00_raw/fastq/SRR34280708.fastq	Tanzania
SRR34280709	SAMN49688426	S_P166	/data/pam/team333/jg34/scratch/ITS_trichuris/00_raw/fastq/SRR34280709.fastq	Tanzania
SRR34280710	SAMN49688425	S_P163	/data/pam/team333/jg34/scratch/ITS_trichuris/00_raw/fastq/SRR34280710.fastq	Tanzania
SRR34280711	SAMN49688424	S_P158	/data/pam/team333/jg34/scratch/ITS_trichuris/00_raw/fastq/SRR34280711.fastq	Tanzania
SRR34280712	SAMN49687974	S_C065	/data/pam/team333/jg34/scratch/ITS_trichuris/00_raw/fastq/SRR34280712.fastq	Cote_dIvoire
SRR34280713	SAMN49687929	S_C007	/data/pam/team333/jg34/scratch/ITS_trichuris/00_raw/fastq/SRR34280713.fastq	Cote_dIvoire
SRR34280714	SAMN49688423	S_P157	/data/pam/team333/jg34/scratch/ITS_trichuris/00_raw/fastq/SRR34280714.fastq	Tanzania
SRR34280715	SAMN49688422	S_P151	/data/pam/team333/jg34/scratch/ITS_trichuris/00_raw/fastq/SRR34280715.fastq	Tanzania
SRR34280716	SAMN49688421	S_P149	/data/pam/team333/jg34/scratch/ITS_trichuris/00_raw/fastq/SRR34280716.fastq	Tanzania
SRR34280717	SAMN49688420	S_P148	/data/pam/team333/jg34/scratch/ITS_trichuris/00_raw/fastq/SRR34280717.fastq	Tanzania
SRR34280718	SAMN49688419	S_P144	/data/pam/team333/jg34/scratch/ITS_trichuris/00_raw/fastq/SRR34280718.fastq	Tanzania
SRR34280719	SAMN49688418	S_P141	/data/pam/team333/jg34/scratch/ITS_trichuris/00_raw/fastq/SRR34280719.fastq	Tanzania
SRR34280720	SAMN49688417	S_P140	/data/pam/team333/jg34/scratch/ITS_trichuris/00_raw/fastq/SRR34280720.fastq	Tanzania
SRR34280721	SAMN49688416	S_P139	/data/pam/team333/jg34/scratch/ITS_trichuris/00_raw/fastq/SRR34280721.fastq	Tanzania
SRR34280722	SAMN49688415	S_P138	/data/pam/team333/jg34/scratch/ITS_trichuris/00_raw/fastq/SRR34280722.fastq	Tanzania
SRR34280723	SAMN49688414	S_P133	/data/pam/team333/jg34/scratch/ITS_trichuris/00_raw/fastq/SRR34280723.fastq	Tanzania
SRR34280724	SAMN49687973	S_C064	/data/pam/team333/jg34/scratch/ITS_trichuris/00_raw/fastq/SRR34280724.fastq	Cote_dIvoire
SRR34280725	SAMN49688413	S_P130	/data/pam/team333/jg34/scratch/ITS_trichuris/00_raw/fastq/SRR34280725.fastq	Tanzania
SRR34280726	SAMN49688412	S_P129	/data/pam/team333/jg34/scratch/ITS_trichuris/00_raw/fastq/SRR34280726.fastq	Tanzania
SRR34280727	SAMN49688411	S_P126	/data/pam/team333/jg34/scratch/ITS_trichuris/00_raw/fastq/SRR34280727.fastq	Tanzania
SRR34280728	SAMN49688410	S_P124	/data/pam/team333/jg34/scratch/ITS_trichuris/00_raw/fastq/SRR34280728.fastq	Tanzania
SRR34280729	SAMN49688409	S_P121	/data/pam/team333/jg34/scratch/ITS_trichuris/00_raw/fastq/SRR34280729.fastq	Tanzania
SRR34280730	SAMN49688408	S_P120	/data/pam/team333/jg34/scratch/ITS_trichuris/00_raw/fastq/SRR34280730.fastq	Tanzania
SRR34280731	SAMN49688407	S_P119	/data/pam/team333/jg34/scratch/ITS_trichuris/00_raw/fastq/SRR34280731.fastq	Tanzania
SRR34280732	SAMN49688406	S_P118	/data/pam/team333/jg34/scratch/ITS_trichuris/00_raw/fastq/SRR34280732.fastq	Tanzania
SRR34280733	SAMN49688405	S_P117	/data/pam/team333/jg34/scratch/ITS_trichuris/00_raw/fastq/SRR34280733.fastq	Tanzania
SRR34280734	SAMN49688404	S_P116	/data/pam/team333/jg34/scratch/ITS_trichuris/00_raw/fastq/SRR34280734.fastq	Tanzania
SRR34280735	SAMN49687972	S_C063	/data/pam/team333/jg34/scratch/ITS_trichuris/00_raw/fastq/SRR34280735.fastq	Cote_dIvoire
SRR34280736	SAMN49688403	S_P115	/data/pam/team333/jg34/scratch/ITS_trichuris/00_raw/fastq/SRR34280736.fastq	Tanzania
SRR34280737	SAMN49688402	S_P114	/data/pam/team333/jg34/scratch/ITS_trichuris/00_raw/fastq/SRR34280737.fastq	Tanzania
SRR34280738	SAMN49688401	S_P113	/data/pam/team333/jg34/scratch/ITS_trichuris/00_raw/fastq/SRR34280738.fastq	Tanzania
SRR34280739	SAMN49687963	S_C051	/data/pam/team333/jg34/scratch/ITS_trichuris/00_raw/fastq/SRR34280739.fastq	Cote_dIvoire
SRR34280740	SAMN49688313	S_P004	/data/pam/team333/jg34/scratch/ITS_trichuris/00_raw/fastq/SRR34280740.fastq	Tanzania
SRR34280741	SAMN49688312	S_P003	/data/pam/team333/jg34/scratch/ITS_trichuris/00_raw/fastq/SRR34280741.fastq	Tanzania
SRR34280742	SAMN49688311	S_P002	/data/pam/team333/jg34/scratch/ITS_trichuris/00_raw/fastq/SRR34280742.fastq	Tanzania
SRR34280743	SAMN49688310	S_P001	/data/pam/team333/jg34/scratch/ITS_trichuris/00_raw/fastq/SRR34280743.fastq	Tanzania
SRR34280744	SAMN49688309	S_L631	/data/pam/team333/jg34/scratch/ITS_trichuris/00_raw/fastq/SRR34280744.fastq	Laos
SRR34280745	SAMN49688308	S_L617	/data/pam/team333/jg34/scratch/ITS_trichuris/00_raw/fastq/SRR34280745.fastq	Laos
SRR34280746	SAMN49688307	S_L616	/data/pam/team333/jg34/scratch/ITS_trichuris/00_raw/fastq/SRR34280746.fastq	Laos
SRR34280747	SAMN49688306	S_L614	/data/pam/team333/jg34/scratch/ITS_trichuris/00_raw/fastq/SRR34280747.fastq	Laos
SRR34280748	SAMN49688305	S_L612	/data/pam/team333/jg34/scratch/ITS_trichuris/00_raw/fastq/SRR34280748.fastq	Laos
SRR34280749	SAMN49688304	S_L601	/data/pam/team333/jg34/scratch/ITS_trichuris/00_raw/fastq/SRR34280749.fastq	Laos
SRR34280750	SAMN49687962	S_C050	/data/pam/team333/jg34/scratch/ITS_trichuris/00_raw/fastq/SRR34280750.fastq	Cote_dIvoire
SRR34280751	SAMN49688303	S_L599	/data/pam/team333/jg34/scratch/ITS_trichuris/00_raw/fastq/SRR34280751.fastq	Laos
SRR34280752	SAMN49688302	S_L598	/data/pam/team333/jg34/scratch/ITS_trichuris/00_raw/fastq/SRR34280752.fastq	Laos
SRR34280753	SAMN49688301	S_L595	/data/pam/team333/jg34/scratch/ITS_trichuris/00_raw/fastq/SRR34280753.fastq	Laos
SRR34280754	SAMN49688300	S_L592	/data/pam/team333/jg34/scratch/ITS_trichuris/00_raw/fastq/SRR34280754.fastq	Laos
SRR34280755	SAMN49688299	S_L589	/data/pam/team333/jg34/scratch/ITS_trichuris/00_raw/fastq/SRR34280755.fastq	Laos
SRR34280756	SAMN49688298	S_L585	/data/pam/team333/jg34/scratch/ITS_trichuris/00_raw/fastq/SRR34280756.fastq	Laos
SRR34280757	SAMN49688297	S_L581	/data/pam/team333/jg34/scratch/ITS_trichuris/00_raw/fastq/SRR34280757.fastq	Laos
SRR34280758	SAMN49688296	S_L580	/data/pam/team333/jg34/scratch/ITS_trichuris/00_raw/fastq/SRR34280758.fastq	Laos
SRR34280759	SAMN49688295	S_L576	/data/pam/team333/jg34/scratch/ITS_trichuris/00_raw/fastq/SRR34280759.fastq	Laos
SRR34280760	SAMN49688294	S_L569	/data/pam/team333/jg34/scratch/ITS_trichuris/00_raw/fastq/SRR34280760.fastq	Laos
SRR34280761	SAMN49687961	S_C049	/data/pam/team333/jg34/scratch/ITS_trichuris/00_raw/fastq/SRR34280761.fastq	Cote_dIvoire
SRR34280762	SAMN49688293	S_L564	/data/pam/team333/jg34/scratch/ITS_trichuris/00_raw/fastq/SRR34280762.fastq	Laos
SRR34280763	SAMN49688292	S_L558	/data/pam/team333/jg34/scratch/ITS_trichuris/00_raw/fastq/SRR34280763.fastq	Laos
SRR34280764	SAMN49688291	S_L553	/data/pam/team333/jg34/scratch/ITS_trichuris/00_raw/fastq/SRR34280764.fastq	Laos
SRR34280765	SAMN49688290	S_L552	/data/pam/team333/jg34/scratch/ITS_trichuris/00_raw/fastq/SRR34280765.fastq	Laos
SRR34280766	SAMN49688289	S_L544	/data/pam/team333/jg34/scratch/ITS_trichuris/00_raw/fastq/SRR34280766.fastq	Laos
SRR34280767	SAMN49688288	S_L539	/data/pam/team333/jg34/scratch/ITS_trichuris/00_raw/fastq/SRR34280767.fastq	Laos
SRR34280768	SAMN49688287	S_L537	/data/pam/team333/jg34/scratch/ITS_trichuris/00_raw/fastq/SRR34280768.fastq	Laos
SRR34280769	SAMN49688286	S_L535	/data/pam/team333/jg34/scratch/ITS_trichuris/00_raw/fastq/SRR34280769.fastq	Laos
SRR34280770	SAMN49688285	S_L526	/data/pam/team333/jg34/scratch/ITS_trichuris/00_raw/fastq/SRR34280770.fastq	Laos
SRR34280771	SAMN49688198	S_L189	/data/pam/team333/jg34/scratch/ITS_trichuris/00_raw/fastq/SRR34280771.fastq	Laos
SRR34280772	SAMN49688197	S_L188	/data/pam/team333/jg34/scratch/ITS_trichuris/00_raw/fastq/SRR34280772.fastq	Laos
SRR34280773	SAMN49688196	S_L177	/data/pam/team333/jg34/scratch/ITS_trichuris/00_raw/fastq/SRR34280773.fastq	Laos
SRR34280774	SAMN49688195	S_L176	/data/pam/team333/jg34/scratch/ITS_trichuris/00_raw/fastq/SRR34280774.fastq	Laos
SRR34280775	SAMN49688194	S_L175	/data/pam/team333/jg34/scratch/ITS_trichuris/00_raw/fastq/SRR34280775.fastq	Laos
SRR34280776	SAMN49687951	S_C036	/data/pam/team333/jg34/scratch/ITS_trichuris/00_raw/fastq/SRR34280776.fastq	Cote_dIvoire
SRR34280777	SAMN49688193	S_L171	/data/pam/team333/jg34/scratch/ITS_trichuris/00_raw/fastq/SRR34280777.fastq	Laos
SRR34280778	SAMN49688192	S_L164	/data/pam/team333/jg34/scratch/ITS_trichuris/00_raw/fastq/SRR34280778.fastq	Laos
SRR34280779	SAMN49688191	S_L161	/data/pam/team333/jg34/scratch/ITS_trichuris/00_raw/fastq/SRR34280779.fastq	Laos
SRR34280780	SAMN49688190	S_L160	/data/pam/team333/jg34/scratch/ITS_trichuris/00_raw/fastq/SRR34280780.fastq	Laos
SRR34280781	SAMN49688189	S_L158	/data/pam/team333/jg34/scratch/ITS_trichuris/00_raw/fastq/SRR34280781.fastq	Laos
SRR34280782	SAMN49688188	S_L154	/data/pam/team333/jg34/scratch/ITS_trichuris/00_raw/fastq/SRR34280782.fastq	Laos
SRR34280783	SAMN49688187	S_L152	/data/pam/team333/jg34/scratch/ITS_trichuris/00_raw/fastq/SRR34280783.fastq	Laos
SRR34280784	SAMN49688186	S_L151	/data/pam/team333/jg34/scratch/ITS_trichuris/00_raw/fastq/SRR34280784.fastq	Laos
SRR34280785	SAMN49688185	S_L149	/data/pam/team333/jg34/scratch/ITS_trichuris/00_raw/fastq/SRR34280785.fastq	Laos
SRR34280786	SAMN49688184	S_L145	/data/pam/team333/jg34/scratch/ITS_trichuris/00_raw/fastq/SRR34280786.fastq	Laos
SRR34280787	SAMN49687950	S_C035	/data/pam/team333/jg34/scratch/ITS_trichuris/00_raw/fastq/SRR34280787.fastq	Cote_dIvoire
SRR34280788	SAMN49688183	S_L143	/data/pam/team333/jg34/scratch/ITS_trichuris/00_raw/fastq/SRR34280788.fastq	Laos
SRR34280789	SAMN49688182	S_L141	/data/pam/team333/jg34/scratch/ITS_trichuris/00_raw/fastq/SRR34280789.fastq	Laos
SRR34280790	SAMN49688181	S_L140	/data/pam/team333/jg34/scratch/ITS_trichuris/00_raw/fastq/SRR34280790.fastq	Laos
SRR34280791	SAMN49688180	S_L139	/data/pam/team333/jg34/scratch/ITS_trichuris/00_raw/fastq/SRR34280791.fastq	Laos
SRR34280792	SAMN49688179	S_L138	/data/pam/team333/jg34/scratch/ITS_trichuris/00_raw/fastq/SRR34280792.fastq	Laos
SRR34280793	SAMN49688178	S_L137	/data/pam/team333/jg34/scratch/ITS_trichuris/00_raw/fastq/SRR34280793.fastq	Laos
SRR34280794	SAMN49688177	S_L136	/data/pam/team333/jg34/scratch/ITS_trichuris/00_raw/fastq/SRR34280794.fastq	Laos
SRR34280795	SAMN49688176	S_L132	/data/pam/team333/jg34/scratch/ITS_trichuris/00_raw/fastq/SRR34280795.fastq	Laos
SRR34280796	SAMN49688175	S_L130	/data/pam/team333/jg34/scratch/ITS_trichuris/00_raw/fastq/SRR34280796.fastq	Laos
SRR34280797	SAMN49688174	S_L126	/data/pam/team333/jg34/scratch/ITS_trichuris/00_raw/fastq/SRR34280797.fastq	Laos
SRR34280798	SAMN49687949	S_C034	/data/pam/team333/jg34/scratch/ITS_trichuris/00_raw/fastq/SRR34280798.fastq	Cote_dIvoire
SRR34280799	SAMN49688173	S_L125	/data/pam/team333/jg34/scratch/ITS_trichuris/00_raw/fastq/SRR34280799.fastq	Laos
SRR34280800	SAMN49688172	S_L124	/data/pam/team333/jg34/scratch/ITS_trichuris/00_raw/fastq/SRR34280800.fastq	Laos
SRR34280801	SAMN49688171	S_L122	/data/pam/team333/jg34/scratch/ITS_trichuris/00_raw/fastq/SRR34280801.fastq	Laos
SRR34280802	SAMN49688170	S_L121	/data/pam/team333/jg34/scratch/ITS_trichuris/00_raw/fastq/SRR34280802.fastq	Laos
SRR34280803	SAMN49688083	S_C289	/data/pam/team333/jg34/scratch/ITS_trichuris/00_raw/fastq/SRR34280803.fastq	Cote_dIvoire
SRR34280804	SAMN49688082	S_C287	/data/pam/team333/jg34/scratch/ITS_trichuris/00_raw/fastq/SRR34280804.fastq	Cote_dIvoire
SRR34280805	SAMN49688081	S_C286	/data/pam/team333/jg34/scratch/ITS_trichuris/00_raw/fastq/SRR34280805.fastq	Cote_dIvoire
SRR34280806	SAMN49688080	S_C279	/data/pam/team333/jg34/scratch/ITS_trichuris/00_raw/fastq/SRR34280806.fastq	Cote_dIvoire
SRR34280807	SAMN49688079	S_C275	/data/pam/team333/jg34/scratch/ITS_trichuris/00_raw/fastq/SRR34280807.fastq	Cote_dIvoire
SRR34280808	SAMN49688078	S_C269	/data/pam/team333/jg34/scratch/ITS_trichuris/00_raw/fastq/SRR34280808.fastq	Cote_dIvoire
SRR34280809	SAMN49688077	S_C268	/data/pam/team333/jg34/scratch/ITS_trichuris/00_raw/fastq/SRR34280809.fastq	Cote_dIvoire
SRR34280810	SAMN49688076	S_C267	/data/pam/team333/jg34/scratch/ITS_trichuris/00_raw/fastq/SRR34280810.fastq	Cote_dIvoire
SRR34280811	SAMN49688075	S_C264	/data/pam/team333/jg34/scratch/ITS_trichuris/00_raw/fastq/SRR34280811.fastq	Cote_dIvoire
SRR34280812	SAMN49688074	S_C263	/data/pam/team333/jg34/scratch/ITS_trichuris/00_raw/fastq/SRR34280812.fastq	Cote_dIvoire
SRR34280813	SAMN49687939	S_C023	/data/pam/team333/jg34/scratch/ITS_trichuris/00_raw/fastq/SRR34280813.fastq	Cote_dIvoire
SRR34280814	SAMN49688073	S_C262	/data/pam/team333/jg34/scratch/ITS_trichuris/00_raw/fastq/SRR34280814.fastq	Cote_dIvoire
SRR34280815	SAMN49688072	S_C261	/data/pam/team333/jg34/scratch/ITS_trichuris/00_raw/fastq/SRR34280815.fastq	Cote_dIvoire
SRR34280816	SAMN49688071	S_C259	/data/pam/team333/jg34/scratch/ITS_trichuris/00_raw/fastq/SRR34280816.fastq	Cote_dIvoire
SRR34280817	SAMN49688070	S_C257	/data/pam/team333/jg34/scratch/ITS_trichuris/00_raw/fastq/SRR34280817.fastq	Cote_dIvoire
SRR34280818	SAMN49688069	S_C256	/data/pam/team333/jg34/scratch/ITS_trichuris/00_raw/fastq/SRR34280818.fastq	Cote_dIvoire
SRR34280819	SAMN49688068	S_C253	/data/pam/team333/jg34/scratch/ITS_trichuris/00_raw/fastq/SRR34280819.fastq	Cote_dIvoire
SRR34280820	SAMN49688067	S_C250	/data/pam/team333/jg34/scratch/ITS_trichuris/00_raw/fastq/SRR34280820.fastq	Cote_dIvoire
SRR34280821	SAMN49688066	S_C249	/data/pam/team333/jg34/scratch/ITS_trichuris/00_raw/fastq/SRR34280821.fastq	Cote_dIvoire
SRR34280822	SAMN49688065	S_C243	/data/pam/team333/jg34/scratch/ITS_trichuris/00_raw/fastq/SRR34280822.fastq	Cote_dIvoire
SRR34280823	SAMN49688064	S_C239	/data/pam/team333/jg34/scratch/ITS_trichuris/00_raw/fastq/SRR34280823.fastq	Cote_dIvoire
SRR34280824	SAMN49687938	S_C022	/data/pam/team333/jg34/scratch/ITS_trichuris/00_raw/fastq/SRR34280824.fastq	Cote_dIvoire
SRR34280825	SAMN49688063	S_C237	/data/pam/team333/jg34/scratch/ITS_trichuris/00_raw/fastq/SRR34280825.fastq	Cote_dIvoire
SRR34280826	SAMN49688062	S_C236	/data/pam/team333/jg34/scratch/ITS_trichuris/00_raw/fastq/SRR34280826.fastq	Cote_dIvoire
SRR34280827	SAMN49688061	S_C234	/data/pam/team333/jg34/scratch/ITS_trichuris/00_raw/fastq/SRR34280827.fastq	Cote_dIvoire
SRR34280828	SAMN49688060	S_C233	/data/pam/team333/jg34/scratch/ITS_trichuris/00_raw/fastq/SRR34280828.fastq	Cote_dIvoire
SRR34280829	SAMN49688059	S_C232	/data/pam/team333/jg34/scratch/ITS_trichuris/00_raw/fastq/SRR34280829.fastq	Cote_dIvoire
SRR34280830	SAMN49688058	S_C230	/data/pam/team333/jg34/scratch/ITS_trichuris/00_raw/fastq/SRR34280830.fastq	Cote_dIvoire
SRR34280831	SAMN49688057	S_C226	/data/pam/team333/jg34/scratch/ITS_trichuris/00_raw/fastq/SRR34280831.fastq	Cote_dIvoire
SRR34280832	SAMN49688056	S_C221	/data/pam/team333/jg34/scratch/ITS_trichuris/00_raw/fastq/SRR34280832.fastq	Cote_dIvoire
SRR34280833	SAMN49688055	S_C220	/data/pam/team333/jg34/scratch/ITS_trichuris/00_raw/fastq/SRR34280833.fastq	Cote_dIvoire
SRR34280834	SAMN49688054	S_C219	/data/pam/team333/jg34/scratch/ITS_trichuris/00_raw/fastq/SRR34280834.fastq	Cote_dIvoire
SRR34280835	SAMN49688602	S_R104	/data/pam/team333/jg34/scratch/ITS_trichuris/00_raw/fastq/SRR34280835.fastq	Uganda
SRR34280836	SAMN49688601	S_R103	/data/pam/team333/jg34/scratch/ITS_trichuris/00_raw/fastq/SRR34280836.fastq	Uganda
SRR34280837	SAMN49688600	S_R102	/data/pam/team333/jg34/scratch/ITS_trichuris/00_raw/fastq/SRR34280837.fastq	Uganda
SRR34280838	SAMN49688599	S_R101	/data/pam/team333/jg34/scratch/ITS_trichuris/00_raw/fastq/SRR34280838.fastq	Uganda
SRR34280839	SAMN49688598	S_R100	/data/pam/team333/jg34/scratch/ITS_trichuris/00_raw/fastq/SRR34280839.fastq	Uganda
SRR34280840	SAMN49688597	S_R099	/data/pam/team333/jg34/scratch/ITS_trichuris/00_raw/fastq/SRR34280840.fastq	Uganda
SRR34280841	SAMN49688596	S_R098	/data/pam/team333/jg34/scratch/ITS_trichuris/00_raw/fastq/SRR34280841.fastq	Uganda
SRR34280842	SAMN49688595	S_R097	/data/pam/team333/jg34/scratch/ITS_trichuris/00_raw/fastq/SRR34280842.fastq	Uganda
SRR34280843	SAMN49688594	S_R096	/data/pam/team333/jg34/scratch/ITS_trichuris/00_raw/fastq/SRR34280843.fastq	Uganda
SRR34280844	SAMN49687991	S_C083	/data/pam/team333/jg34/scratch/ITS_trichuris/00_raw/fastq/SRR34280844.fastq	Cote_dIvoire
SRR34280845	SAMN49688593	S_R095	/data/pam/team333/jg34/scratch/ITS_trichuris/00_raw/fastq/SRR34280845.fastq	Uganda
SRR34280846	SAMN49688592	S_R094	/data/pam/team333/jg34/scratch/ITS_trichuris/00_raw/fastq/SRR34280846.fastq	Uganda
SRR34280847	SAMN49688591	S_R093	/data/pam/team333/jg34/scratch/ITS_trichuris/00_raw/fastq/SRR34280847.fastq	Uganda
SRR34280848	SAMN49688590	S_R092	/data/pam/team333/jg34/scratch/ITS_trichuris/00_raw/fastq/SRR34280848.fastq	Uganda
SRR34280849	SAMN49688589	S_R091	/data/pam/team333/jg34/scratch/ITS_trichuris/00_raw/fastq/SRR34280849.fastq	Uganda
SRR34280850	SAMN49688588	S_R090	/data/pam/team333/jg34/scratch/ITS_trichuris/00_raw/fastq/SRR34280850.fastq	Uganda
SRR34280851	SAMN49688587	S_R089	/data/pam/team333/jg34/scratch/ITS_trichuris/00_raw/fastq/SRR34280851.fastq	Uganda
SRR34280852	SAMN49688586	S_R088	/data/pam/team333/jg34/scratch/ITS_trichuris/00_raw/fastq/SRR34280852.fastq	Uganda
SRR34280853	SAMN49688585	S_R087	/data/pam/team333/jg34/scratch/ITS_trichuris/00_raw/fastq/SRR34280853.fastq	Uganda
SRR34280854	SAMN49688584	S_R086	/data/pam/team333/jg34/scratch/ITS_trichuris/00_raw/fastq/SRR34280854.fastq	Uganda
